Player_ID,MMR,Rank,Win,Lose79366741,2030,24,269,277
126131309,1363,14,704,754
473002289,1710,13,402,416
197629270,1946,13,512,461
1051702279,1390,14,78,58
1148991024,3257,,19,22
1097955177,3853,74,159,151
141328742,3301,35,960,1045
1258200156,4558,,20,20
425433780,2835,21,1575,1233
42145244,3656,62,2677,2145
47852992,3662,44,1201,1007
230142245,4416,73,2921,2786
201239785,2786,22,1242,1274
411990204,3297,41,479,473
228960053,3222,44,2471,2267
299379381,3698,42,2623,2678
103325680,3527,43,5126,5027
1009733736,2875,44,483,459
173112907,2812,41,2186,2013
848714399,2637,35,977,955
231668194,2588,32,1433,1417
865245576,3067,25,1188,1115
43732816,3387,,1287,1000
67718337,2397,,4857,5015
166880201,2674,33,2327,2415
45084227,2080,,2261,2436
458736664,2269,34,1020,1146
124843971,2349,,271,316
128798242,2866,41,532,486
368271774,2678,14,55,50
137489098,2904,,1317,1240
94865271,2936,32,883,820
101397649,3099,53,1718,1701
89909007,2867,42,1223,1044
103436004,3105,64,3151,2958
110247823,3040,34,1481,1419
110915312,2893,23,381,332
66392160,3393,43,1585,1500
37656682,3091,43,805,794
107210399,3338,53,2895,2785
244048552,3940,52,1042,1074
932878942,3274,52,650,591
173500156,2069,51,1183,1040
78282040,3465,51,4051,3969
217073646,3275,45,250,195
318579605,3486,53,475,550
145071849,2983,22,890,774
63634848,3242,54,2316,1841
132577191,3059,35,2266,2080
172025975,2522,34,1584,1640
1180554553,3250,52,316,245
842832749,2746,44,338,426
86308617,4029,75,3220,2928
169957073,4384,80,2915,2449
152357160,4436,80,2206,1904
175975822,4283,80,4309,3997
204088809,3257,41,1699,1733
148049993,2674,42,1719,1592
69625455,2473,33,796,820
130481826,2782,34,113,122
99540225,3674,42,5154,5103
134673060,2967,41,2638,2638
177810611,4023,65,2063,2032
96820048,3458,42,3103,2941
300833411,2575,72,4178,3765
353122586,2658,42,2315,1999
118416997,3777,55,3726,3673
145699486,3618,42,1704,1740
150968633,3798,72,3100,2949
403659586,3595,71,1864,1496
196356514,3157,43,913,937
342489015,3205,54,1618,1524
1038162493,3337,53,1398,1507
202697407,3305,51,839,808
881552646,3691,55,792,768
127372291,3559,52,1820,1822
395168404,3745,54,1517,1441
179161101,2609,34,1650,1527
122837342,2602,33,1230,1202
164917735,2637,32,1256,1298
70391536,2810,34,735,748
170875547,2806,41,2459,2376
385960988,1894,33,1276,1278
968828049,2356,22,391,336
1192250701,2656,35,534,444
415985801,2749,25,215,200
151495364,2692,35,1323,1310
1033280070,2910,41,686,553
250418192,2931,31,803,695
93432414,3303,63,1534,1447
231852759,2395,15,1569,1656
112294813,3044,,735,788
125139263,2580,32,843,877
141703658,3057,45,1498,1385
894857573,2612,35,87,90
287489592,2735,33,3634,3732
72388776,2367,34,1757,1737
904025146,2951,35,452,413
167127075,2735,34,1592,1321
450386568,3455,53,1223,1134
229578306,3806,53,3659,3479
28758158,3647,52,2155,2066
113573440,3225,45,229,191
1168168042,3301,53,277,253
872873456,3430,61,1153,1028
876679749,3441,54,687,636
171009000,3805,71,1023,989
59601370,3721,54,1187,1069
74981695,3627,44,2116,2087
27550172,3563,71,1632,1488
67368192,3451,53,814,822
182147033,1790,24,288,326
299321499,2063,31,876,868
117049763,2917,35,408,425
342828488,2711,32,696,700
59715561,2777,34,951,991
297334464,2942,32,1423,1436
459269827,2750,34,329,308
168764430,2603,43,2415,2234
87737827,2458,33,1565,1498
57504561,2448,34,977,967
902971151,3035,43,258,256
184023920,2642,41,1070,981
1033035971,3058,43,106,104
148620146,2070,35,1786,1642
151238629,3214,61,3069,3068
1082642929,3739,64,151,140
219764517,3093,34,2046,1808
272760004,3462,54,1928,1677
1052922842,3647,,1,11
249489252,4022,80,4328,4016
397405272,4800,80,4085,3917
869242972,4985,80,2570,2199
99037944,5679,80,7278,6686
100610603,5325,80,3481,3352
1173799779,5729,80,623,524
178386292,5335,80,1980,1607
903926887,1845,22,89,102
342642587,2401,22,609,534
124016332,2149,25,1466,1496
890072511,4238,75,853,794
150344815,3700,72,1509,1355
181488634,4424,80,1950,1837
146871263,4292,75,2042,1693
1216102281,3270,44,181,182
396817610,2386,32,73,38
1156907893,2820,44,65,73
229366157,3268,45,1649,1628
189921812,710,13,563,577
891783383,2252,31,392,332
452935838,2334,31,596,517
925728103,2771,34,203,184
1141172646,2297,32,179,115
1040400202,2456,31,101,92
120163588,2805,33,2753,2847
1121532907,2551,,27,18
946513075,2464,25,656,703
106559221,2599,45,1304,1072
338905701,2654,43,838,656
122015634,2723,31,581,532
259402929,3057,42,858,835
176818532,3712,72,2676,2202
33507012,5169,80,6590,5925
982381914,4607,80,519,465
241671892,4376,80,989,910
48849212,2989,61,1532,1462
245516824,3201,44,3856,3692
228048938,2951,44,2356,2231
158979932,3096,41,1945,1846
883839571,3276,41,563,493
869312392,3657,62,2218,1996
140800912,3257,44,3417,3193
129229109,2943,34,1249,1325
124210278,3022,44,5080,4934
20766382,2823,34,1886,1909
363324459,2916,43,414,432
139717521,3075,43,1401,1241
52020909,3437,52,2260,2273
1023888148,3123,41,220,185
1101179459,2992,43,694,635
410692756,3801,74,276,212
906491114,4065,74,542,413
274287528,4126,74,2849,2753
408079584,4422,74,1407,1306
1135959255,4008,71,257,178
160868979,4434,72,4312,4063
284294586,3990,71,3336,3126
157515974,2740,45,2371,1995
125932849,2669,54,2335,2128
49848694,3915,53,3129,3182
52945938,3199,44,2277,2349
52451905,3423,71,2415,2062
1221755332,2345,24,160,194
311081355,1490,42,2501,2354
173420066,1972,23,80,67
219058667,3194,61,166,165
190650937,3784,63,1742,1666
164761559,3549,61,4053,3931
968942205,3121,61,442,402
89457778,4153,72,5745,5718
200417969,4033,71,1815,1674
45007179,4097,65,4575,4663
115175820,4418,71,4125,3846
860703723,3677,65,270,249
265171880,3651,61,1209,1058
235080979,3569,71,710,689
115703748,3747,51,2051,2204
95327808,3502,61,2441,2544
163906169,3500,55,1957,1877
271519136,3344,54,1385,1315
111510603,2924,44,1511,1561
300358857,3355,43,674,661
257521192,3132,45,522,496
144741767,2709,34,1970,1987
122395193,2412,43,1925,1768
332963381,2674,53,289,240
231711862,2094,43,1907,1745
28350932,3598,,1749,1681
113692814,3685,,1295,1212
384702203,3506,52,524,401
132543047,3656,55,1990,1808
160745179,3360,32,1313,1164
246754377,3335,44,952,816
361126266,4078,65,2301,2118
880997110,3854,64,1230,1177
1017027220,3657,62,921,686
1033159022,3935,64,1073,1086
238502730,2419,14,532,582
136059958,2644,32,1626,1716
125849707,2202,35,1432,1346
1218009810,2292,33,249,264
431010191,2285,21,191,228
113182052,2321,21,1726,1881
161824093,3249,43,1973,1986
838956,3001,23,4133,4393
25021817,3088,45,1202,1174
129336429,3252,52,815,833
143328344,3440,43,658,641
125794069,2905,23,639,652
100714921,4038,73,1881,2091
60150910,2992,42,3864,3848
1113653109,2950,42,988,910
296547604,2834,41,749,640
394093692,2999,41,709,690
136887549,2571,31,520,533
182806146,2756,35,336,344
57994635,2762,42,822,748
324672866,2382,24,330,349
309227526,2512,35,1050,1087
307385964,2348,32,217,220
147767743,4146,72,1535,1372
56934541,3762,75,4925,4790
222900437,4412,72,1216,683
430480315,3750,73,303,260
147617729,4204,73,2048,1876
189765702,4184,73,1340,1025
40808298,3263,32,913,971
66957366,2295,31,338,336
274985480,2631,31,1251,1164
923469026,2390,25,438,389
361258003,2828,31,741,813
924300928,2896,35,1809,1655
490224129,2346,15,1202,1197
174883906,2742,41,983,967
253304095,2670,31,808,743
188963004,1998,25,1598,1536
1033916601,2331,31,1930,2031
101156071,2879,31,2002,1708
34888268,2559,25,1113,1084
147558978,2827,32,1766,1770
196432449,2795,33,1994,2006
835600547,2014,24,637,729
84571031,1513,13,1776,1757
176136292,1948,,786,775
208190423,3026,41,438,500
114912995,3024,41,1060,1032
178498386,2236,42,1167,1108
130765200,1919,32,673,674
188645525,3951,43,469,567
369023006,3390,54,647,631
272696068,3359,45,215,260
103188733,2995,51,1506,1765
207099215,2710,45,256,200
143667441,3407,51,2760,2657
208180918,3867,65,645,554
40321904,3795,65,2902,2664
214198406,4047,63,2690,2580
113867132,4002,64,2459,2367
38306879,3614,63,3178,2926
262442108,3337,41,300,313
164120559,2424,35,2084,2081
141821976,2817,35,9407,9307
33518591,3141,35,2359,2514
152600865,2912,44,1629,1560
1084524758,2674,35,122,110
419158758,2649,52,840,764
372794955,2454,54,1384,1122
200594750,4127,61,2464,2075
188967762,2928,35,1274,1258
163370825,2986,34,5531,5579
206257147,3065,62,3162,3075
88593666,3352,43,1181,1258
95823675,3169,53,1259,1282
307106796,3500,45,815,887
176120509,2653,35,2162,2042
174807397,2599,34,1314,1240
337776612,2768,43,1324,1185
199352351,1954,22,563,517
906967688,2312,21,461,430
150542410,2820,41,104,97
340632983,3077,42,1841,1916
113543401,2450,31,420,447
128716080,2002,33,1059,1049
149378430,2004,32,396,377
412791056,2780,32,1233,1271
343987061,2552,34,2150,2136
1016715118,4156,75,1632,1614
50088598,4249,74,6992,6747
929116853,3975,73,1483,1459
36686197,3777,74,3500,3413
26980714,2797,35,845,916
312297897,2949,45,74,77
218095889,2676,42,473,437
179438500,2885,41,880,841
849496988,3017,43,724,789
319593766,2765,42,3504,3472
266583332,2833,42,4078,3823
875581217,2664,35,2648,2600
287482402,2380,41,1337,1284
178641947,3118,34,2783,2691
92729448,2577,32,855,908
193417084,3333,43,1391,1254
238298657,3351,52,374,374
126589319,3627,51,3209,3110
114711143,3488,45,166,149
1241798174,3345,44,128,126
31118945,3170,44,3603,3646
78947402,3266,52,435,436
954820454,3297,45,804,703
67326949,3932,54,2994,3053
189798379,4159,65,2176,2190
137570695,3614,45,207,188
1119026168,3609,41,360,350
84143648,3699,51,194,84
73162310,3855,54,236,250
304483283,2828,45,663,626
1100382072,2133,,23,18
911634188,2931,,45,48
99288407,2458,24,1553,1631
1192412867,2534,61,85,120
332820845,2096,24,174,193
162649992,4069,25,2270,2387
106018770,2054,24,114,116
363890170,2096,22,471,574
25103803,2188,24,1838,1526
1125969485,4142,80,119,107
874567654,4465,80,396,369
909870796,4654,80,844,608
130343977,4320,80,4690,4344
114199815,3805,63,1742,1541
112475057,4066,73,5149,4202
134975624,4181,73,2747,2315
45417812,3855,53,1222,1195
260489784,3982,73,2875,2690
70833022,3691,45,3737,3733
181497223,4355,,536,488
86817571,4080,63,3651,3762
361638146,3492,55,1153,1080
444257033,3364,53,1624,1493
1117665862,3252,54,736,727
1081882348,2444,,75,56
21115861,2922,35,1229,1215
171010843,2351,,446,490
841314114,2801,31,874,844
290850612,3212,61,1404,1252
61428789,2889,52,4200,4161
150717524,2812,42,2057,1925
184450342,2900,43,2598,2446
72980267,3548,53,3617,3546
12241655,3692,52,2184,1879
1023474705,3276,52,1143,1128
383388469,3028,52,935,992
409722793,3281,54,978,919
219257453,3745,53,3040,2891
313453157,3091,53,1284,1246
37793740,3120,42,1785,1869
133517350,2877,35,1931,2000
89333947,3499,44,152,149
108093790,3811,41,1527,1615
436177256,2920,35,737,651
464703109,2359,33,348,358
850773096,2449,31,217,172
219875463,2578,,687,591
141075067,2263,,363,397
136669410,2786,,604,698
199999698,2423,,819,862
197502912,2988,,983,1064
128414144,2141,22,526,512
176893183,2756,33,1404,1293
31375433,2211,,227,151
1178570288,3015,44,371,381
1124788794,2924,41,241,266
394023303,3410,45,619,631
99979679,3169,43,5632,5612
467232903,2986,44,826,708
455745684,1730,32,1524,1526
20572728,2891,31,2478,2420
362199551,2601,34,529,561
360844818,3039,35,1203,1257
218257249,2338,41,872,844
412034398,3529,54,2245,2148
252863912,2751,32,686,730
397316397,2901,41,400,324
331256389,2686,,901,915
184013773,3147,42,233,316
303888734,3369,32,901,1021
62068309,3539,54,3755,3746
853642893,3339,54,425,388
147480545,3436,54,1609,1431
417211136,3381,61,534,462
239713015,3185,53,781,749
128699463,4001,53,5551,5543
146247282,3258,51,775,744
175792240,3632,63,3089,2767
81456860,2769,33,764,688
55421522,2705,15,828,835
132846309,3292,41,598,625
205706516,2103,15,307,328
165691283,2448,23,1341,1255
158206190,2932,42,1170,1147
104853813,2783,43,2024,1879
236960047,2888,61,2088,1784
236576762,3085,61,2839,2511
315009322,2706,32,106,68
297919217,2936,54,941,792
1220783114,2922,35,119,91
145583794,2469,65,2229,1924
331567433,2496,44,286,213
882137468,3318,53,957,896
165116560,2855,33,1767,1950
161675337,2865,41,1324,1406
114537083,3717,35,2422,2540
101105273,4994,80,2971,2535
122282466,4475,80,3664,3331
258083027,1952,35,481,402
185574882,2060,61,1314,1122
1042828423,3509,73,187,154
94299651,3466,55,2486,2282
108758357,3646,55,1843,1691
294381493,3321,45,1918,1942
302253132,2998,51,638,437
346189613,3217,51,406,298
178737559,2951,45,2722,2421
894210649,3150,53,1520,1459
286472710,3260,45,897,750
404154896,3341,51,775,802
325776919,3260,45,357,369
127553912,3593,44,1713,1631
154972397,4152,80,3104,2772
289386588,4138,73,1049,958
217630157,3932,73,738,688
75808095,4172,72,1712,1586
906627326,4230,80,1108,988
134084916,4519,74,3018,2699
4176927,1716,14,3146,3331
76959433,2476,13,86,116
128856492,3006,24,2219,2128
225602000,1504,23,4118,3954
307632590,3510,61,1108,1124
145874778,3862,55,1773,1569
356048946,3743,55,2115,1948
1135383886,3589,55,817,742
163272081,3463,54,1290,1296
290580084,2933,41,298,271
148107692,3387,61,1731,1577
1182859217,3278,42,144,165
366867435,3453,42,1624,1659
894411411,3897,65,173,119
1165437948,2883,42,802,739
133568894,3955,34,3497,3533
227804603,3007,43,1005,833
131174499,2552,22,1010,923
1237876272,2546,25,70,61
1238067962,2529,34,79,68
178108155,2856,41,733,726
204924167,3140,54,784,865
63796138,3021,32,1246,1278
443920761,2820,43,49,56
391698290,2869,31,480,404
375596164,611,13,1438,1347
1022345703,1397,15,231,212
240456698,1720,14,605,537
1028689849,1677,21,584,607
97257096,3819,62,4877,4657
131331201,3073,71,1267,1229
912912581,3715,71,510,464
897600762,4093,71,618,570
998497338,4032,74,1962,1858
88344988,4487,75,2799,2616
199971607,3993,73,2375,2280
197454669,3997,74,2450,2029
391607176,4115,74,3154,3002
122437667,4242,74,1823,1664
141369552,2134,22,608,693
1088346285,2501,31,448,440
282892176,1512,21,1859,1796
127078573,3857,62,1268,1177
165340308,3487,53,1254,1281
149435387,2882,54,1696,1617
463776091,2632,34,1073,1052
472122850,2753,43,804,834
143572768,2693,43,683,749
61022554,3074,44,2102,2106
371167397,3450,54,530,508
470990067,3124,45,935,918
489768343,3186,51,490,397
184539096,2718,45,2250,2031
209085430,3266,52,2353,2255
112012468,3179,53,1353,1223
470406127,4006,73,1477,1247
293157508,3693,71,1586,1591
116123548,4047,71,2460,2194
294812561,3472,65,2973,2648
922284252,3780,71,86,86
391178662,3801,61,1848,1765
144374427,3987,73,1059,935
300973475,3948,72,3415,3344
116404046,3957,71,2836,2650
132449905,3811,62,1015,859
347815997,4163,73,1982,1466
185814175,4029,64,1077,973
72448352,3385,52,2166,2044
280818710,3874,72,2757,2400
46802496,3478,71,1611,1188
174558713,3289,43,1699,1520
412277043,2523,35,488,413
138491317,2695,44,2278,2307
366130160,2086,23,320,285
126825493,2303,42,2549,2319
63762537,2684,35,3016,2965
117172557,2803,35,3412,3485
284423544,2801,35,908,878
89301799,2655,34,1279,1324
233208786,2347,34,1160,1227
96301970,2870,35,800,812
166816404,2219,25,552,551
219925551,2286,23,241,322
278339662,2310,31,2664,2675
446129575,3217,23,1342,1438
188853665,2508,25,88,95
195976394,2397,32,725,656
165780920,3104,25,521,559
253930793,3013,32,402,409
1013148349,3438,52,1189,1094
285637490,3293,53,1307,1260
256864679,3699,52,618,599
87063130,3702,53,2864,2818
160043796,3410,53,2271,2274
125862790,3890,54,1033,914
155768232,3171,52,939,880
302494223,3304,45,1394,1318
88314639,3249,52,340,293
149044731,3355,54,2651,2599
91145444,3850,74,2662,2349
98020094,3799,74,2898,2611
116842835,3748,61,1227,1106
109836628,3506,,1700,1527
158764066,3121,45,1778,1813
207425182,3473,53,1695,1465
196599118,3228,52,5257,5058
124717465,3137,35,425,483
204971352,2995,42,290,278
190455070,2826,35,1569,1461
243865943,3401,34,460,496
320074014,3143,43,570,532
136428335,2229,34,2454,2499
420333803,2852,34,586,531
300916854,2734,34,2164,2031
350050581,4215,75,2123,1872
191577632,4095,75,3258,3138
215243995,4198,75,4387,4223
47749775,4588,72,5159,5029
37318874,4111,74,3746,3623
113051305,3091,54,3572,3412
134875022,3833,54,883,897
203893255,2243,54,488,375
130277195,3335,53,2888,2812
193874237,2977,45,336,300
118927138,2946,42,1567,1638
1052971488,3475,45,1869,1797
427708553,3370,43,869,863
293424699,3089,43,652,597
104251018,3159,44,1941,1911
319542006,3085,43,2359,2336
171019299,2653,33,1412,1349
354134933,3242,33,1024,1091
312974387,2680,32,1452,1286
114678056,3560,33,2638,2768
1200001236,2935,35,376,379
194145253,2949,35,1207,1215
115714480,2683,35,1456,1492
121516410,2701,35,949,946
907669178,2658,32,1109,1091
338365382,2660,34,704,664
473852047,3772,61,915,663
367799086,4099,72,2957,2801
106676707,3814,72,1435,1053
855100446,3617,74,925,859
94081679,3208,64,1595,1478
882452390,3930,71,808,747
384877006,4462,72,3207,3029
299500113,2250,24,503,458
1088003579,2190,24,214,175
212628625,1841,32,1198,1126
161557021,1807,25,1034,852
208484956,1879,32,1414,1271
149598843,2107,24,1310,1390
873762951,3152,45,1112,1094
113090026,2889,45,4401,4397
282932680,2446,45,1379,1325
145794177,1567,24,1486,1533
113660132,1788,25,2075,2090
355206460,1877,21,789,761
121299638,2941,62,2550,2464
94290549,3471,65,3025,2879
110727096,3022,35,1693,1658
996790711,2892,35,198,241
118408197,3036,44,3812,3755
91562538,2825,43,1581,1667
364850284,2039,24,907,945
1063679323,2456,31,350,368
1042527541,2164,25,369,370
368996432,2413,24,1824,2084
236708673,2162,25,453,412
783526,3893,52,3135,3160
52633392,2016,22,602,675
355552948,2503,23,472,482
29684507,3607,63,998,895
45409103,3527,62,621,587
923568131,3627,54,933,917
119202067,3244,61,2690,2621
260064313,4017,62,1555,1586
313402054,2878,35,1230,1100
138946876,2747,41,2530,2663
186375037,3006,41,1006,1043
898006494,3154,44,1109,1110
245913497,3094,33,1151,1198
1199575043,2797,41,274,280
367086796,2806,33,2441,2458
422384600,2092,24,365,335
10007240,2408,25,1059,1060
449142497,2554,32,701,608
188549129,2414,32,130,112
217419927,1754,23,270,281
32488077,2967,,1114,1194
102109519,2699,35,1475,1401
153728210,2063,32,1541,1322
153584066,2410,31,633,615
208697196,2904,31,644,568
294528822,2928,43,193,153
321631564,2851,25,195,165
197275685,2575,31,2383,2382
418581574,2426,35,454,460
369862982,2617,31,879,711
155587997,2181,24,1541,1340
122359830,2973,23,747,743
181943550,3719,55,1822,1428
1053680820,3180,52,421,282
1158414931,3334,61,245,216
43342582,4000,62,5173,4999
414309518,3719,55,758,735
1020165951,3494,54,508,486
871715077,2636,42,210,143
354887225,2541,41,387,346
129656557,1886,44,1494,1429
470665662,2558,43,369,319
168222600,2810,34,1342,1139
365566818,2846,42,917,896
120935340,3112,21,892,899
116476345,3675,45,1123,1177
172051991,3839,72,4735,4442
15279489,4133,74,8238,8027
245716897,3773,72,789,720
392030108,4098,72,2187,1977
193745555,4137,72,2521,2367
61014286,3470,44,2398,2432
46071290,3430,53,2895,2505
109163544,3525,51,2341,2266
166416648,3219,51,2251,2220
300243537,3103,45,144,141
132492903,3380,51,2270,2124
3993850,3282,51,209,152
129972774,3537,54,129,117
293153809,3185,45,1546,1416
319058499,3037,42,1412,1322
171293523,1809,43,1407,1316
72684050,2899,42,3249,3387
127890798,3059,44,1133,1101
304742942,3210,64,677,674
347114373,2390,62,622,577
140062687,3492,63,839,749
297657927,1600,44,2628,2545
118517478,3489,43,3744,3641
381351065,3150,42,853,755
107598745,3474,43,3179,3154
363228619,2929,43,482,445
380522606,3682,62,2043,1933
236778342,3448,61,47,56
111214022,4138,64,3829,3637
316535525,3528,62,755,598
90466156,3530,61,3885,3681
347533283,3131,61,2246,2029
394852189,3445,61,1587,1522
80593601,3162,53,5193,5142
894068001,3403,53,1812,1674
175961403,3428,53,600,554
179069730,2282,42,1699,1547
340109831,3297,51,1038,936
160247984,3032,42,672,715
65674464,2934,42,2764,2813
99220924,2990,42,1552,1541
327550687,3386,72,2062,1922
905743444,3662,71,2018,1927
268811144,3173,44,616,547
301513326,3562,45,1219,1127
361401941,2579,35,1357,1312
163030038,3734,64,2325,2002
356926596,3469,45,655,613
295161072,2826,33,304,265
1086124484,2457,25,320,330
48882665,2870,43,1676,1651
92685066,2959,34,2287,2236
301368689,3349,45,1024,822
262752248,3334,23,223,164
1687757,2295,21,1481,1440
91708481,2344,15,489,537
926267723,1081,13,154,213
256550637,3131,64,1997,1756
842005755,2731,41,345,320
401524077,3402,64,2057,2027
144254091,3125,31,1107,1070
100224385,3484,32,2699,2770
149080924,3658,61,1590,1411
119852190,3175,41,1427,1408
68581546,3256,54,1636,1557
462368351,414,15,617,648
203792217,2834,15,1186,1389
263184020,2508,15,67,128
116158241,1477,15,2191,2276
1123972398,1043,15,30,7
493993483,1785,13,137,179
877190988,3508,55,683,636
873120162,3395,53,1432,1382
66690570,3475,54,2664,2696
857565987,3402,55,2623,2465
1085891881,3259,54,337,327
121188981,2115,22,1196,1317
109949827,2788,32,1002,1131
162731310,2682,41,2473,2510
105657130,2637,,1657,1648
119155877,2860,33,1596,1612
153473414,2744,34,207,212
134326048,3455,35,2290,2260
280706458,3183,42,1102,1129
179493539,2786,34,943,924
137373986,2920,33,4046,3826
133628142,2704,34,3660,3572
1135586683,2845,31,132,108
362406270,1061,31,1495,1407
84460228,3400,61,668,591
328809109,3532,44,61,70
36794590,2999,43,2005,1753
103385478,3633,,910,850
114237581,3218,43,3529,3633
921044804,3258,51,107,94
100136383,3095,44,3026,3012
73120323,3169,51,2804,2668
166275346,4906,80,2675,2592
76550556,5198,80,4085,3629
124911296,4896,80,5842,5454
1076076207,4823,80,1111,1047
117576976,2488,45,1797,1681
316347715,2535,25,1988,2169
100045425,3330,52,3480,3407
971106924,2759,23,1994,1870
100267083,4006,51,2046,1867
123966345,3059,42,3122,3049
143287399,3274,53,2108,1875
99388993,2313,31,718,737
147217940,2155,34,2325,2139
230437425,2713,35,1716,1679
894084179,2711,35,267,216
186651240,2794,44,569,465
1031351881,3057,51,1044,1073
1003546693,3173,52,649,599
99842721,3035,52,3175,3104
153664761,3022,51,1854,1725
123643280,3265,51,3218,3189
152329652,3378,52,1925,1936
286836182,3179,52,1463,1144
186397608,3062,51,241,205
336296038,3179,42,2753,2666
313493115,2923,61,2147,1843
341388592,2792,45,854,875
1093120432,2797,42,288,263
50538847,3528,33,1461,1586
107833230,3722,53,2285,2236
66480371,3832,54,1626,1602
113937594,3817,61,1947,1871
358434753,2747,32,521,539
179470218,1931,31,2039,1911
209629998,2298,31,1443,1614
893548737,2436,32,1089,1010
78510525,2555,32,188,220
233221857,2752,42,372,348
440939774,2806,32,675,661
160419629,2268,33,2256,2176
905174731,2425,33,478,413
1218442058,2535,35,114,83
117210876,2842,41,1875,1839
211049795,2977,43,793,763
187080399,2786,34,919,954
135329161,2329,42,1312,1258
140166867,3342,43,2934,2935
369841046,2565,42,2293,2389
344085011,3065,44,1618,1361
874313711,2405,24,655,484
183177471,2539,31,1405,1434
342906340,2555,23,139,154
174658196,2406,43,529,527
378829394,3061,31,139,187
23902274,3348,51,1007,900
397769036,3024,52,939,798
77326162,3454,52,2346,2296
115269721,3006,45,1891,1870
129182143,2173,24,1614,1618
873569896,2857,33,520,470
896616045,3315,51,1131,1126
107579811,2281,25,2443,2660
190554004,3349,52,1815,1634
114757065,3354,51,1107,1094
439391920,2832,41,782,848
174636090,3035,34,1734,1751
51554236,2859,42,1421,1481
390072236,2607,41,1307,1236
242906637,2739,42,2153,2065
122457046,2602,33,3682,3694
901901262,2809,34,1208,1159
120620665,2644,34,3847,3876
186153174,3142,45,1011,973
299740536,2188,45,2121,2134
97845663,4779,80,2864,2800
336026505,4654,80,2212,2134
86747360,4987,80,1787,1612
236917589,3346,52,2840,2656
343710224,4061,54,519,528
177992398,3339,51,1076,1079
91404053,3536,52,1713,1670
177402098,3925,55,2493,2262
362645469,3874,63,1665,1624
1100600984,3951,71,352,253
372739245,4322,73,1330,1274
319336747,2048,25,2314,2337
1109924068,2641,32,176,156
155480016,2417,25,1491,1475
469810625,2784,32,519,607
155086423,2712,32,200,177
152839725,2713,33,1733,1699
100139846,2865,34,1935,2047
136566541,3538,53,766,754
150867219,3950,71,1686,1638
87367011,3901,63,439,410
928818504,3807,64,434,385
246598661,2874,25,1198,1289
144060623,3239,51,3301,3300
1140789320,2607,24,99,93
1000101135,3072,51,996,908
221007962,3112,43,1644,1489
219146270,3032,32,1473,1297
164952950,1990,25,1927,1847
131452229,2478,44,2833,2571
29949218,2965,34,2547,2507
1027096940,2872,32,359,301
57239052,2668,32,1678,1823
107941811,2825,34,1361,1491
186974379,2836,,484,513
890440372,2887,32,101,105
893334819,2538,32,399,381
205392461,2451,31,1102,1067
193256538,2998,52,1175,955
246078311,2841,25,396,390
404717379,2927,23,309,299
872905913,3034,35,118,131
256197257,2524,25,925,832
298504444,2825,33,680,626
164691198,3106,25,1395,1477
140692558,4190,71,2946,2778
101311300,3992,71,1117,1135
120303454,5481,80,5920,5176
337120802,4935,80,1365,1196
383867949,4714,80,3168,2801
168969321,4929,80,645,535
110448679,6366,80,9267,8289
210268739,2682,32,2007,2028
360034358,2646,33,67,31
94370228,2958,33,642,589
99023023,2937,35,52,124
842944657,2315,32,1042,965
143354670,3035,35,3849,3868
877461821,2647,34,573,503
406680775,2903,43,1303,1233
1018375601,2829,45,644,605
49016796,2814,43,4725,4646
215088918,3206,43,3069,2887
320145966,2484,62,1876,1561
312799604,3324,53,2281,2173
110427754,3952,54,7199,7002
217613437,3547,53,1623,1434
1111698601,2366,33,516,502
89608152,1854,34,2111,1826
1118612208,1680,12,353,367
1015280305,2559,32,514,533
375885113,2648,42,711,655
287703076,1910,34,467,400
88510173,966,33,3759,3656
137655186,2412,32,778,820
133924020,2751,31,1141,1187
90184790,3033,41,3253,3357
93955578,3077,64,74,49
950160228,2846,52,518,377
194935356,2979,45,1139,912
905197349,2654,33,697,656
372567266,2552,32,1365,1415
138183839,2133,32,1757,1851
86692729,4609,80,6008,5912
207878985,4403,75,3153,2963
105459644,4546,80,4302,3655
84103173,4122,75,1539,1497
10136248,4407,75,3853,3708
86714400,4463,75,1890,1763
40503898,4337,80,5272,5291
106731221,3613,62,2347,2191
135497305,3757,63,5251,5123
153064013,3640,62,2290,2060
1040376019,3986,65,414,350
1008008703,3911,64,596,608
158359470,3720,62,2249,1968
118259745,3717,64,3559,3377
853839711,2646,32,1585,1647
149488023,2461,,850,921
144505240,2544,32,1760,1670
109077935,2911,32,2708,2662
130882093,2785,25,1012,1060
122038370,2742,,870,852
69588790,2719,41,723,795
78012267,2811,,875,864
84050328,3148,51,841,842
836473079,3193,45,720,711
170643664,3104,44,3226,3028
73116759,4134,65,1885,1832
135096526,3852,62,1746,1700
323395622,3442,62,2473,2404
238546419,3141,65,3162,2937
361361319,2933,41,883,898
411799230,2868,41,1609,1491
865399994,2812,41,555,538
1012702138,2586,31,47,51
292655635,2098,33,2434,2329
105761787,3476,35,2979,2985
369993022,3292,55,638,621
87357433,4069,64,3579,3324
42372144,3647,61,3075,3062
124087978,2851,,1697,1721
127190226,3329,53,1865,1904
385226500,2256,24,998,887
115156620,2488,21,1101,1107
285292476,2473,22,677,580
350773222,2355,25,277,329
76003159,2408,25,1643,1655
285777252,2853,34,526,519
464073841,2688,34,1057,1006
1065233749,2837,35,148,127
1147416735,2620,41,185,171
1096903230,2657,34,308,300
103528336,2746,35,665,718
115898827,3241,53,3332,3267
19786529,3571,53,1038,1086
349780938,3554,53,1127,1091
357345139,3928,54,2012,2004
396649848,3573,54,920,953
31608694,3599,55,1557,1489
1112751910,2475,31,403,445
1138267939,2372,32,571,476
75413861,2595,25,396,369
853448629,2353,31,37,28
117168127,2632,32,485,509
127398368,1703,31,1400,1380
99172728,2043,32,1500,1420
164663088,2101,31,990,894
12543453,1690,21,2165,2190
89753868,1650,14,86,90
255809589,2721,21,411,407
95146331,3203,23,2237,2432
98925590,3391,42,2914,2982
88526824,2969,31,1606,1736
385025126,2848,41,60,63
117185821,2458,23,437,451
315638998,2417,25,1194,1335
157317370,3338,34,823,795
322035151,3439,35,1459,1642
400365400,2793,35,1537,1435
145688585,2464,34,1693,1790
320227053,2728,35,2348,2286
124963479,2823,31,1111,1188
147448600,2815,43,1117,1050
313017208,2937,35,586,697
110232534,3150,35,627,656
379819336,2826,33,581,523
184301360,2277,31,475,438
260098547,2585,25,439,402
156237689,2272,22,645,766
164104348,2595,31,171,158
411821124,2380,23,721,569
101959217,2417,24,462,375
222107934,2444,25,431,321
153826445,2481,45,3412,3291
388520660,2962,44,847,802
147111135,2587,51,2156,1913
124414753,3464,51,1961,1831
125011673,3204,51,2729,2645
118792162,3231,44,3215,3193
294836332,3070,45,57,49
75766335,2747,35,1198,1172
125885343,3133,51,5498,5338
140458034,3094,45,3697,3675
124888660,2992,43,2824,2798
364986540,2319,25,288,409
245632552,2280,24,1908,1897
398025115,2404,34,1665,1605
398778641,2724,32,614,615
72835797,2767,41,840,648
197692274,2561,32,1881,1823
289741204,2171,32,934,939
308257600,3179,53,487,510
1239348700,3114,52,109,104
251425219,3702,53,2102,2156
303107694,3208,54,420,356
237336506,3401,54,1825,1773
131441678,3403,45,1651,1643
97494781,2929,42,706,763
100715126,3706,44,1796,1718
11671376,3180,42,2889,2908
114975851,3257,45,4524,4394
102251533,3141,43,3023,3013
178282904,3114,44,2402,2380
205118814,3300,44,4470,4288
144797799,3370,45,646,592
405285764,3351,42,756,728
152652471,3338,54,527,490
152291851,3835,55,1135,1065
186022440,3686,62,549,446
65172482,3028,43,539,511
143905150,3071,43,2171,1975
145735749,2202,15,1196,1455
198768918,2286,24,631,586
66206800,2553,,948,892
448537946,2921,33,240,278
400044945,2754,25,832,787
68018261,3398,34,1209,1232
121702661,2911,42,1072,1104
1080278358,3203,45,394,357
121648028,2806,42,2884,2911
420667249,2789,43,1444,1317
131174528,3155,42,3598,3458
1035203919,2167,23,637,585
215999267,2888,23,2363,2566
150680469,2900,23,1651,1707
360141957,2719,31,1460,1430
272888364,2907,72,1497,1240
320148285,3415,65,127,107
233527469,3679,62,1029,945
218553471,4041,65,824,794
206676679,4251,71,2146,2008
246370560,2488,33,1117,1163
171882630,1958,22,421,452
898452061,1988,22,651,608
211364429,3012,25,409,490
295811811,2593,33,515,373
12088756,3113,51,2328,2304
55610030,3391,52,2166,2120
66669542,3371,52,1426,1327
243811045,3406,45,166,126
110419124,3030,31,1640,1717
280703840,3527,42,1219,1246
232058833,2715,33,1830,1723
373569335,2429,35,2371,2306
914097878,2264,32,274,251
141557630,2967,31,866,798
95921481,3078,43,2032,1949
243001304,4073,72,2287,1974
492846204,4225,72,521,434
251296228,3598,63,4216,4020
479749387,3642,73,845,829
204198073,3953,73,2871,2612
126448432,3654,51,588,548
112477328,3996,54,2024,1804
87121205,4240,65,2814,2500
67045490,4160,74,3805,1826
85501717,4096,74,1246,1084
86718411,4139,75,102,42
47915108,3910,55,199,148
83587186,3636,34,1514,1458
146151758,3771,64,1760,1793
274701124,3091,44,4307,3947
111792839,3235,53,1246,1269
94766778,3491,64,4390,3928
80616884,3235,,2199,2058
241697964,3301,34,288,209
161483908,3389,55,2214,1966
93648455,3376,43,1525,1473
164375472,2860,51,1886,1811
301159870,2954,43,2601,2540
180608549,3005,35,468,377
836751780,3053,44,1567,1620
195235795,3040,44,189,133
256576135,3326,45,1175,1055
313598174,3482,53,1043,902
333729539,3347,54,764,622
458349089,3479,55,553,534
86100772,3948,53,3401,3264
322784034,3586,61,276,219
134389535,3497,53,1873,1616
225064738,3516,53,2541,2799
385314332,3391,53,1072,1230
318606263,3395,54,1610,1448
969005459,1584,12,115,104
310769115,776,12,51,83
230706270,2063,12,234,321
246946339,1796,12,123,201
32103696,2613,42,1343,1302
232434662,2124,22,1055,962
85167788,2719,32,2081,2151
117910532,2619,34,2808,2887
174063444,2410,32,2858,2829
200141061,2649,33,1414,1368
296731102,2844,32,1038,1042
50739249,2534,32,1610,1657
105138496,3250,32,3232,3255
370365805,2861,42,1634,1589
292673931,3701,42,2680,2435
168814219,3163,42,1164,1259
228961539,3178,41,495,490
364057784,2982,43,848,861
335750764,3010,41,1231,1239
264910656,2518,25,2438,2475
448119919,2640,33,645,672
188116238,2374,31,565,599
459972643,2318,23,49,62
56634579,2727,32,1009,1081
470389961,2618,32,334,337
135786135,2361,25,3706,3918
175202111,3399,35,2932,2913
104323417,3534,62,2504,2463
64031511,3481,34,3061,3204
366555,3603,54,2312,2344
33571014,3708,41,2682,2839
160325075,2732,41,2553,2445
346845495,3241,55,1921,1886
466355611,3054,55,582,413
1014832866,3088,34,1281,1190
106846410,2957,45,756,682
94442680,3025,35,1007,918
63362375,3002,44,1002,1101
80935212,3180,43,1877,1815
41449566,3395,62,4035,3885
119470067,3063,33,454,367
79708631,3513,52,613,705
54214033,3170,41,832,855
123160635,2615,32,820,860
201290087,2677,32,3261,3327
98571756,2927,33,1030,1052
213343393,3444,61,2034,1937
161943345,3433,52,434,417
147255161,3075,55,1493,1254
295620218,2874,51,643,697
322944556,3164,41,1192,1201
110320774,3220,41,1561,1496
1018812131,3505,55,146,120
104953324,3561,63,844,749
191015626,2990,51,500,511
133120790,3171,42,3373,3393
215454613,3097,51,484,438
151713927,3241,51,2192,2213
1082779499,2924,,558,539
82356237,2700,32,2071,2098
34123183,2776,33,1237,1308
90342396,2939,52,1291,1349
55565278,3077,,1760,1619
138479325,3079,35,1449,1315
5972918,3094,42,1364,1436
113910311,3252,55,943,945
156701007,3122,61,1502,1159
969357378,3785,63,1591,1533
107735292,3114,51,1209,1042
160015825,2832,61,2132,1993
355718125,2422,52,522,442
408272824,3253,63,571,405
125098005,3761,63,3362,3125
130142706,3654,61,2714,2556
123594307,3871,54,4665,4389
65656855,4130,55,1260,1206
243684688,3522,53,1423,1224
197583714,3621,55,332,240
35395292,3639,22,3242,3708
55881713,3719,14,1069,1459
19762766,3671,13,702,1005
78041595,2591,31,2746,2772
30322301,3003,34,365,400
148086025,2675,33,3012,3017
318767620,2573,32,393,374
1207289112,2449,32,258,265
96550747,2470,31,107,100
172068819,2648,25,654,685
96328004,3825,71,3282,3225
76787391,4065,64,3549,3323
160392846,3012,42,1025,987
46702936,4190,64,1160,880
58309449,4051,,883,785
147734256,2915,33,442,375
174002327,2569,35,668,677
245758860,2996,,32,43
1079301302,3232,44,695,674
99565377,3042,41,2060,2054
71733453,3743,45,2226,2170
115674909,3117,51,2814,2762
292697229,2976,41,1179,1242
115331931,3110,42,2863,2870
403076394,3346,42,2561,2476
196726162,3066,45,10030,10003
898991586,2861,34,1169,1115
395738073,3227,44,420,343
110245609,3694,43,3403,3353
207521447,2684,42,1131,988
252852924,3162,44,1781,1730
291683900,2925,51,525,490
170682132,2907,32,246,272
1019399618,2854,45,317,285
845654475,2784,33,210,164
113909361,3378,41,504,510
169029483,3348,52,1333,1275
319834270,2814,34,299,317
200851118,2710,34,734,676
24730459,2756,33,2211,2287
34398259,2760,34,855,866
65238208,2809,35,4841,5013
129973535,1748,23,144,184
399541465,1868,24,1429,1506
896922748,1759,15,1130,1098
869881957,2683,42,867,795
344719714,1289,41,1046,953
185199763,1924,22,1921,1980
201171228,2800,21,1656,1487
299112409,2208,24,1759,1885
903667264,2260,25,1423,1372
157500756,2975,41,1586,1648
286871430,3140,42,2166,2123
385937733,2452,41,3959,3922
221236833,2888,35,2239,2116
368461267,2979,34,489,549
72692360,2873,33,654,631
348117258,2645,35,1151,1118
135224095,2785,33,563,586
899923067,2711,33,351,310
128641070,2712,31,516,528
1204536769,2892,35,89,80
287829330,2669,32,156,182
184028400,3293,64,1397,1170
168154652,3445,54,2869,2733
1041744794,3423,55,488,440
32283667,2031,52,1168,1061
317082187,3306,62,937,782
186369382,2223,32,1012,891
254801479,2660,32,746,767
257619307,1585,12,2053,2204
874733855,1660,13,585,608
479616471,2281,25,201,218
103576773,2428,54,885,755
61207227,2195,22,985,1022
428401237,3258,45,89,76
116965388,2716,42,4168,4195
117974457,3608,55,5272,5221
258452575,2202,21,392,337
290971094,4183,73,2397,2138
865189618,2323,25,686,663
337071329,2438,31,923,906
205245981,2117,25,1381,1142
155801670,2404,52,1529,1561
837414235,2878,42,1230,1296
410045716,2865,44,962,929
245630289,3008,45,880,816
489047526,3164,44,824,851
322837432,1909,15,146,133
137820197,1374,13,293,327
120795636,2176,14,1455,1569
123037813,1930,14,719,723
385147569,3740,63,1315,1265
252639472,4221,71,1885,1814
157120639,3549,63,363,341
223099281,3546,63,361,296
401563300,3847,72,1428,1102
162488123,3858,62,2057,1973
105690302,2664,33,2252,2413
1011965079,2588,34,76,73
177321026,2571,33,582,599
1157718543,2448,33,243,265
113690829,2670,33,2280,2339
338236106,3082,51,1188,1020
172057413,2974,51,3301,3136
104323308,3622,51,2149,2048
344373316,3439,51,1548,1603
175439303,3097,34,1510,1400
371497100,3196,42,112,84
108037157,3544,53,1643,1616
203637283,2733,53,1607,1524
148102120,2578,42,223,171
200390036,3613,52,337,333
112095982,3157,34,3041,2859
250358973,2989,34,2641,2202
905622036,2805,34,491,593
198338732,2954,33,1913,1820
367973893,2550,33,483,487
153457319,3308,52,1622,1594
393152850,3088,52,398,381
844337788,3192,54,1331,1277
226357615,3516,52,393,391
249959060,3516,61,571,518
33988426,3039,33,1571,1621
52598923,3674,55,2369,2228
162559337,3651,63,820,664
114138843,3433,24,350,400
95748830,3175,45,2556,2397
876399492,3339,43,977,923
295929191,3338,52,892,808
164319539,2939,44,1547,1508
156033393,2833,25,551,530
180289833,3227,55,2337,2084
257914296,3142,42,617,530
294150771,3111,43,1324,1264
120275809,3010,33,2632,2528
287977594,3458,42,265,305
315120909,3199,42,1991,2012
239305901,1735,13,1330,1255
124264405,2043,21,804,802
165738494,1825,12,2908,3095
88026564,2358,15,224,237
47800818,2164,34,3707,3823
126825230,2647,33,2186,2206
1028405199,2591,33,332,331
1171640535,3121,32,191,147
21608218,2626,33,1604,1543
171812421,2491,33,1742,1755
879761707,2006,21,565,547
1111570300,1406,13,299,304
909667384,2062,22,461,477
206307163,1036,15,967,987
405156782,1961,15,283,281
977986456,2060,22,245,241
149917441,1942,15,142,127
94190000,3291,61,1733,1636
417036711,2938,62,1622,1580
1060319592,3333,61,720,662
400778782,3357,62,2044,2097
130609916,2118,22,954,924
112680673,1957,22,3561,3601
39903904,1880,24,984,1051
108662422,3272,52,1709,1630
117364587,3131,53,1932,1899
875868923,3566,55,665,534
182835747,3593,61,2476,2301
1001553307,3197,52,2481,2354
228319534,2190,52,1034,1009
409157578,3473,54,1096,1060
113855830,2578,53,1916,1942
1118869507,3266,55,167,142
1209184127,3712,62,142,162
403851815,4216,64,2367,2344
288719842,3785,64,3298,3116
1203159742,3255,51,94,161
161922273,2797,35,1552,1476
75540313,2736,25,608,444
162091199,2846,42,2468,2283
104329205,3497,44,1485,1552
382280196,2766,45,613,581
309268711,2315,31,256,236
363995444,3129,53,1364,1378
231852427,2648,25,1189,993
492270635,3292,23,921,734
468735788,2482,34,1165,1032
149962536,2052,32,4561,4388
311784126,3423,55,937,936
322415121,3066,55,1808,1827
26661749,3562,53,3230,3152
247971272,3617,62,2875,2662
77750256,3486,51,2677,2493
399119436,3471,54,1395,1361
84184989,3018,55,965,916
198469599,3295,54,2378,2334
196402842,3044,54,440,383
122523327,2755,42,916,938
109333659,3245,43,1073,1081
218413910,3411,53,281,284
357573563,2699,41,2693,2585
82682474,2757,32,1595,1872
88781264,2986,31,1742,1661
160650122,2744,34,715,669
1195762773,1783,22,196,176
1050273983,1879,21,272,260
865853507,2313,32,158,125
340787133,2608,44,573,581
211948578,3327,43,565,588
1209053584,2869,42,178,216
121007558,2848,43,2542,2531
259596759,3056,42,955,893
102850561,3535,41,2085,2089
100880850,3027,44,2088,1984
92426094,2918,43,566,508
133663022,3561,43,3520,3587
351372721,1969,23,1420,1358
287245690,3005,35,1399,1402
99986887,2784,41,3327,2910
119684612,2779,44,1321,1079
464992688,2897,41,1165,1165
329115112,3058,41,955,990
87432163,2980,43,2033,2082
153825179,2725,42,582,523
325730585,3271,41,2025,1952
857673253,3030,42,919,844
273571708,2962,41,269,254
147492156,3119,42,100,90
230244239,2626,22,1726,1525
147488697,2041,15,1063,987
1112839049,2021,22,200,233
486888700,1862,21,1109,1192
389326344,3855,42,417,416
159161412,4080,44,2280,2146
194090563,3260,43,222,222
407907479,3315,65,1224,1163
169491898,3267,53,539,410
177245510,3893,55,2708,2711
205317154,3571,53,3941,3869
322162704,2151,21,300,239
352801640,2494,32,321,305
57249366,2549,24,1173,1195
127840351,2489,22,712,751
67129793,2729,33,1308,1326
446795914,2511,31,2096,2065
395474615,2237,31,698,707
348818599,2565,43,1690,1506
152415981,2488,44,2375,2209
68469096,3194,44,2439,2241
333144504,2781,43,1526,1520
281534136,3003,44,1212,1186
167938610,3084,44,2955,2864
3066654,2504,42,1013,1025
341719863,2412,23,428,448
1059506252,2639,33,128,116
187754880,3411,54,1601,1400
291646176,3405,32,751,740
133127511,4329,65,1071,926
1061809746,2911,,54,80
1061595624,3118,,60,75
90663690,2546,31,714,766
161237438,2421,25,896,859
92707243,2069,23,1830,1774
1215668959,2738,32,454,438
325080418,2633,43,1793,1829
131007176,1471,21,3335,3482
359812275,2017,15,519,470
324811225,982,23,326,325
441786781,970,24,650,681
111113153,391,15,965,1310
291542606,3344,45,2502,2418
141958285,3114,43,119,128
62499335,3077,44,1664,1697
905602595,3240,51,1540,1456
1039525996,3270,52,535,529
106592046,3043,43,1647,1486
249089420,3209,43,688,820
53533671,3242,,570,507
1067436302,2936,43,638,696
102022,3615,62,2402,2368
133130971,3729,55,2456,2361
162644696,3185,61,1853,1737
1142459871,3508,55,1185,1008
392508980,2836,31,582,651
223662577,2559,32,1094,1203
396261607,2514,34,233,191
359242627,3243,32,246,228
144857354,2629,34,1790,1851
1122657524,2881,34,386,400
51933271,3148,32,2953,2989
1020439007,2620,34,250,234
188662945,2736,34,156,184
1085542639,2993,34,269,273
302063242,3601,62,1687,1883
240597382,2696,35,99,72
339813421,2558,45,847,764
310682518,2968,52,1183,1133
345822310,3481,64,1689,1546
270669708,2854,43,990,862
39075712,3106,51,2952,2893
89215382,3524,55,3970,3826
1041269257,3351,55,1275,1267
247339512,2962,23,1017,1013
96993344,2958,53,1896,2058
151665378,2409,34,1047,990
1132546203,2195,22,418,380
361200034,2681,34,2630,2641
102440291,2660,31,2270,2222
169394661,2773,34,2396,2254
177066252,3113,35,2218,2190
1126601596,2610,33,831,865
123523012,2665,34,2912,2958
111708198,2433,25,1943,2082
196078715,2213,15,66,77
373031153,3422,45,816,889
93727181,2865,43,906,890
245360997,2892,31,766,822
292827235,2013,24,353,343
233023311,2871,25,5044,4944
377794410,2735,32,780,777
1193233398,2769,43,473,462
467568538,2956,35,1626,1583
349352978,2789,34,178,194
350481668,2874,42,278,277
81096754,2095,34,1825,1657
114953594,1703,23,984,941
118412759,3048,44,1513,1475
132868882,2830,34,2328,2331
1193526681,3054,43,293,238
97982328,2451,32,566,546
164105991,2322,32,2181,2175
116335926,1542,24,2256,2321
1072490334,3100,45,497,430
467296807,1675,22,214,181
94039323,2375,41,2150,2150
282281102,2884,25,1046,1016
116540074,2095,25,1207,1213
170106028,3812,63,1550,1315
104343534,3793,71,3147,3040
22393755,3849,65,3041,2929
85633136,3933,62,1963,1877
192596272,3828,72,629,535
295140256,3999,75,2322,1979
490797561,3455,51,1229,1103
193676402,3146,64,714,700
222267438,1847,45,831,752
196035733,2668,35,1858,1614
443643456,2408,33,325,265
1015081262,2253,23,379,388
65869069,2477,25,520,469
138275643,3799,62,3735,3727
336274680,3815,61,4985,5103
218546859,3665,55,2130,2220
152941635,3363,55,917,818
217080171,3517,62,878,662
139963065,3930,55,172,157
134716049,3570,55,5407,5362
121746141,3947,61,4621,4496
39751360,3487,55,4152,3990
147488740,2956,44,2197,1906
120407590,3707,52,514,484
102110240,3857,71,1201,919
100171247,2891,42,1911,1923
219071645,2998,43,1654,1630
79314561,3526,51,5880,5845
186445589,2728,52,744,558
447622064,2737,42,346,302
248009568,3118,43,1263,1172
92772104,3393,45,575,593
162619308,2726,54,5172,5049
401053659,3506,61,1942,1959
388704088,3306,62,2532,2381
86872194,3359,42,1383,1359
160626926,3587,65,2120,1941
235460749,4130,80,1340,1277
439925247,2599,15,703,629
167695618,3578,43,1447,1383
120254701,3154,51,2727,2716
217014350,3201,51,2186,1981
176832123,2846,42,3924,3612
53223561,4056,45,2900,2856
283513542,1805,45,1700,1603
135035010,2552,33,3577,3678
371567551,2662,44,2824,2659
217834793,2733,41,307,251
837070253,3005,52,521,483
350176260,2746,43,173,165
98334200,3251,45,4412,4396
442119570,2831,35,2710,2690
197219742,3027,33,2430,2579
191662528,2838,34,2442,2441
55471835,2801,35,1734,1848
397373051,3472,63,1173,1144
236802239,2881,53,404,420
185991289,2596,52,2124,2015
301020915,1721,53,1880,1682
125715229,2327,25,762,717
379529332,2925,25,711,699
191127363,2393,25,213,205
187452008,2321,24,1530,1369
98732342,2371,24,935,1025
120097334,2820,24,1932,2037
71410722,2317,25,461,404
58719995,3326,52,2212,2167
91538700,3107,52,2652,2403
74178953,3645,51,1215,1066
283082044,2660,62,1519,1325
1085492180,3216,51,150,123
202527218,3388,45,1537,1601
350306166,3387,55,3180,3139
88877381,3563,63,1161,954
162882411,3082,54,2776,2709
380381415,3590,55,599,607
1021851709,3841,62,1154,1002
399350381,3199,55,1250,1104
401787318,2612,61,1486,1451
180459091,2888,54,796,535
1106698213,3315,62,550,497
99534306,3383,55,3063,2954
116785309,3631,54,3482,3292
363788712,3064,63,444,343
413571736,3413,65,255,210
104887643,3188,51,91,70
216324103,2642,55,2945,2770
239104697,2731,43,2263,2212
149443666,3944,65,2911,2933
856436088,3832,64,2123,2059
27273344,2103,15,2237,2309
257618920,1672,15,909,880
210667458,1559,23,326,253
242331605,2541,33,338,311
41441500,2674,33,141,166
103460314,2349,31,848,905
68993519,2503,43,1008,952
58544273,2989,32,1901,2008
418646870,2581,22,434,406
921497138,3341,53,1173,1185
307097055,2364,53,1234,1108
188443658,3311,52,446,448
107930168,3741,54,3156,3181
215159115,3357,54,1280,1172
884098356,3470,54,336,346
144035263,2753,25,2049,1999
146335372,2749,42,2699,2518
210496710,2488,24,1405,1272
332869030,2700,33,636,617
106840707,2951,43,913,915
889339515,1818,23,381,368
371915054,3436,43,692,859
316016581,3222,41,1663,1725
146073337,2477,43,2637,2663
96664640,3258,45,4706,4758
117597160,3295,44,1271,1256
92355120,3130,43,308,330
1006554118,3073,43,1011,958
163940430,3498,45,2527,2454
1213087181,3229,44,38,34
146350489,3172,42,2380,2365
368723986,2564,31,489,485
123147213,2508,33,2467,2470
154265408,2339,31,2269,2286
295042419,2434,31,2076,2145
169305711,2172,43,1441,1265
969418239,3120,51,605,574
1038035466,2337,23,257,238
303264227,3145,51,413,315
116883307,3421,51,1595,1663
130263619,3420,24,328,346
181037286,3268,41,1149,1108
76942826,3036,42,5392,5368
37989300,2895,35,914,878
225943974,3060,35,1027,1106
280022790,3452,53,51,81
106203937,3029,35,1474,1527
1074022739,3747,61,201,160
181704194,3075,63,4318,4125
286572658,3035,61,2020,1836
90335364,2504,41,2045,1944
59590838,3155,63,3159,2979
43536747,3687,51,3608,3562
121046731,3365,32,1289,1413
123636058,2909,31,3560,3596
123309400,2909,32,2231,2311
197000609,2423,23,451,416
344188411,2883,52,242,145
1228303581,2444,32,151,150
116575358,3319,52,1153,1148
63182185,2901,52,617,521
121592849,3463,52,1376,1264
145534779,3196,52,2188,2086
255644304,3199,44,1058,1084
418323997,2743,32,742,761
336997730,2509,32,1567,1529
363782246,2356,32,1079,1081
437382605,1646,32,12,7
108169606,2774,33,2398,2455
180132171,3534,55,2511,2379
124785640,3636,61,1970,1845
163876867,3565,54,2258,2208
1096356171,3632,55,649,629
244109520,3726,64,2508,2190
144518467,3489,55,7142,6849
440664494,1857,22,207,207
174425283,2339,34,1986,2061
377339334,3591,31,1176,1403
1038679502,3759,62,329,280
375991147,3663,62,3037,2754
192962973,3901,64,485,410
152366916,3289,62,3666,3596
95161597,3858,61,5907,5824
301555238,4058,61,1616,1584
357725504,4386,80,4154,3964
1244793777,3705,80,112,64
169513128,4748,80,4811,4720
1219311651,4027,74,208,159
1201954678,3690,75,124,63
1193476638,4016,73,185,194
1249020755,3797,80,127,104
123501997,3260,41,3027,2950
1115239562,2960,42,311,297
387449412,2827,44,108,125
1137893042,2549,45,194,185
349578288,2028,32,393,444
930708057,2555,41,197,160
418167022,2462,24,465,479
256122997,2858,41,1207,1015
387412861,3082,44,960,933
1057482147,3055,41,576,610
278518432,3191,52,335,321
1051331178,2972,34,386,331
399442515,3466,63,1607,1555
339375418,3449,54,396,412
96680151,3205,35,2362,2429
101482716,3353,44,3740,3719
91456898,3121,41,3301,3346
205795895,2233,53,2320,1936
118359761,2544,51,3519,3322
279425122,2125,25,853,828
262799644,3831,65,1068,1052
138155012,2721,41,452,386
903836564,1507,21,324,348
474427437,1992,12,55,80
281556206,1456,13,581,610
1119005895,1589,14,84,82
126430223,1392,12,401,445
334494001,973,14,584,512
187225082,2740,34,279,284
203472686,3990,42,609,690
94109957,3392,42,1650,1462
326197065,2980,45,715,690
302568896,3188,42,1888,1823
284637678,2744,51,2746,2597
80131708,2834,43,2360,2349
50470435,2969,,1931,2068
144108137,2976,,1688,1526
301794089,3467,55,2108,2048
47941860,3527,62,2661,2398
366506949,3703,,74,72
81698259,3668,54,1892,1684
118250784,3810,72,3517,3219
278246704,3657,63,973,938
107931758,2547,24,1831,1609
32689760,2185,25,401,471
113505052,2176,23,905,914
135373682,2769,25,1080,899
25892988,2081,23,456,551
1001933389,871,13,26,14
49874500,1596,12,908,1111
111184123,1204,12,3374,3419
38556028,1011,12,402,504
154285394,1313,12,319,359
199749874,2451,24,905,839
124072991,1632,32,104,91
123286416,1653,22,418,446
189166636,2325,31,96,89
914565397,2285,24,298,279
196905601,2020,21,732,725
216501510,2358,31,491,516
846069526,2433,25,416,399
170215386,3052,42,2491,2515
162542611,2987,35,3101,3024
151096708,3063,42,999,1048
106073138,3447,43,1132,1179
109024026,2769,42,1649,1623
104884897,3381,44,2155,2060
113098375,3096,42,1204,1123
99370495,2854,43,2726,2399
1073490617,3053,43,710,673
185378492,2752,41,1223,1112
483032818,3055,35,342,301
184053014,3188,51,1552,1360
322605491,3348,51,603,523
1179001013,2911,45,314,393
200990015,3164,55,356,408
85644683,2752,41,1987,2052
914152484,2690,41,280,348
109305561,3516,61,3391,3275
1123888824,3801,62,420,503
187727895,3366,63,2677,2535
115094800,4004,52,2135,2063
426502497,3716,54,206,192
933703721,3404,55,218,200
115047185,2274,45,1304,1279
186850940,2846,53,857,776
134023021,3602,61,1317,1281
69592630,3736,55,3098,2946
337368604,3494,54,2765,2544
68252530,3085,33,1351,1357
117539915,2829,42,976,995
52291400,3000,,474,456
116149384,2790,32,1712,1698
131328489,3493,64,2904,2683
238994581,2263,33,717,677
84733794,3014,41,763,774
250823092,2751,32,1248,1283
1003468262,2602,34,66,98
1152681114,2819,35,277,282
441061991,3373,54,1452,1327
12954503,3835,61,436,366
53854484,3825,55,316,264
35317696,3134,51,2565,2332
170360245,1892,42,918,790
95488263,4950,80,3705,3460
354009983,4145,80,1073,1034
77202049,4706,80,2426,2251
345446383,3566,80,2372,2231
100090726,2865,42,3804,3750
146607126,2837,35,460,491
1134501020,3034,42,181,191
113936445,2906,42,5167,5193
242837740,3282,43,731,711
131599448,3259,45,1667,1760
360102610,2718,42,1978,1949
7194724,3460,45,2539,2689
869732116,2809,43,2096,2014
151806263,2789,35,750,722
349746508,2862,41,259,241
83462726,2992,41,674,659
215101169,3422,61,334,354
297724186,4066,61,2327,2190
375205755,3529,65,3355,3304
324593518,3933,62,1593,1629
333424159,3587,61,864,860
179034708,3670,53,2661,2697
69321233,3663,54,1074,886
113647552,2978,44,2848,2663
184792694,2759,42,796,783
338717490,3124,43,879,892
340602455,2834,41,1549,1577
158491272,3177,42,947,863
100156594,3122,31,285,274
143358924,3049,45,383,445
198720623,2498,22,48,26
193398658,1970,22,315,377
83946887,3118,71,2955,2893
325961477,3621,62,1998,1870
173399664,2621,32,1424,1410
349992384,2328,23,284,233
134929015,2979,34,1957,1749
123986068,3524,55,4437,4317
157912373,4631,71,796,606
1085926699,2973,,16,13
167081886,1676,15,1659,1711
171343322,1455,13,988,1017
145901533,1817,21,1558,1677
113499575,3353,,307,317
94783837,3290,45,1228,1323
90095933,3140,,1664,1707
396456082,3006,35,1173,958
949881102,3105,42,1423,1259
107886593,2720,33,358,412
980315072,3274,44,1178,1076
313367167,3150,45,106,85
120423157,3902,44,2683,2783
1092790658,3279,45,241,213
156299205,3044,44,2250,2185
1178295275,3173,45,297,275
122700329,3424,54,2238,2130
879520545,3382,55,3141,2859
175071328,3412,52,2769,2693
355421441,3303,55,2622,2644
134713000,3406,52,3526,3437
348623031,3226,55,2194,2040
754048594,2972,43,1381,1381
338916469,2805,43,1245,1235
227213687,2751,44,651,544
177207222,2465,44,1705,1709
283651012,3265,45,776,603
167576935,3392,24,7549,7610
120767631,2259,23,1601,1703
172838223,1941,15,1426,1376
242912184,2154,23,525,525
200998067,2198,22,1279,1260
430011182,2804,34,2282,2182
231254300,3688,33,2550,2558
134030772,1851,22,1411,1241
86793318,1905,22,1047,1130
397329384,1907,21,421,564
168893988,1966,21,1632,1684
308060085,2455,35,279,302
1228281247,2112,25,123,119
348460918,1988,15,482,479
358675406,2351,24,531,475
136431470,2203,23,823,915
382173261,3084,35,190,227
56777245,2879,42,2815,2665
184583629,1204,13,565,582
158068466,2296,31,1032,901
209330064,2264,24,1018,1065
318491803,2395,25,1231,1246
857333541,2585,33,457,424
136105851,2266,22,786,691
174122551,2257,25,543,516
151873288,2664,24,1490,1489
91615583,2706,31,2532,2577
355263021,2373,31,738,660
881486785,2401,25,804,835
132913070,4107,65,3774,3632
1062500879,4212,71,1584,1533
98021837,4585,75,5723,5416
255365789,3415,71,3800,3705
82164315,4153,71,1013,989
66992963,4327,64,2028,1813
119947890,2618,35,1517,1442
425084012,2595,33,524,524
39028991,3011,34,3869,3868
100366910,2632,32,1978,1976
207968579,2945,41,589,502
235606895,2598,33,194,248
124723625,2701,32,1052,999
438536980,4090,74,1202,1145
150129040,3778,74,3276,2853
104899847,4372,75,1981,1783
86854689,3132,32,1545,1527
222431639,2435,23,238,201
141450007,2529,34,380,377
93369949,2843,23,2531,2589
65469545,2824,22,2523,2619
75761171,2578,22,889,855
441613767,2248,15,503,509
469514155,2677,41,623,556
195570487,2068,34,1149,1098
209556341,2222,24,218,211
256035680,2262,51,1113,1061
490685724,2654,35,239,205
254328252,2645,23,100,114
298114472,2680,41,151,139
123194053,3849,51,4005,3991
118450497,2856,54,2366,2174
926782909,3355,43,736,526
78310281,3429,53,1707,1467
51676494,3472,51,1446,1255
89318481,3371,51,3026,3018
186828535,3237,54,529,444
65914246,3529,52,2998,2984
120765068,2165,25,1947,2069
124181806,1898,23,249,262
137454669,2570,25,1979,2121
82366281,4585,75,4688,4317
96073976,3985,80,1018,976
913556011,3705,72,777,670
166030530,2644,35,1842,1652
136951176,2976,44,659,606
319507821,3329,42,591,790
372372161,2779,41,827,831
340413106,2940,43,574,532
179763682,2128,32,1351,1409
199667497,2259,25,1157,1073
185314436,2402,33,2071,2096
191051292,2164,33,498,513
302151980,2266,33,849,764
211076469,2057,25,108,107
36284884,3002,32,3073,3058
916779472,2294,25,92,109
1113528972,2233,25,258,247
132904902,2144,25,1029,988
102453972,2182,33,3735,3691
312259425,3022,14,75,74
149472252,2505,41,2245,1887
180480215,3592,72,1163,878
376189338,4004,72,1672,1639
174570690,3665,71,942,876
428312002,3553,71,1030,825
381456172,3224,73,1765,1716
364276578,3680,71,1396,1394
114046960,4459,72,8323,7731
150801964,4064,63,8809,5902
203770109,3919,75,3638,3348
430709972,4031,63,1943,1969
361268713,2503,44,2210,2118
112792785,1830,52,1822,1753
392387078,3223,52,1126,1153
191524707,1523,45,2154,1930
1150818267,3210,54,636,620
205934012,2988,51,1186,1235
295147429,3280,21,777,738
1079633077,3089,51,1542,1441
89241431,3264,52,2155,1955
195670961,3321,44,2216,2329
152197832,3617,62,1722,1266
900156760,3299,51,862,859
350106431,3445,51,721,680
906327570,3777,54,610,502
491017284,3723,61,1068,891
62101838,3709,52,2395,2428
209773802,3052,53,622,505
377011314,3146,41,764,654
243071411,1635,44,1765,1577
872063613,2529,35,835,827
65307733,3336,,1027,977
91358927,3613,72,1135,982
69323122,3358,,1019,873
117473278,3570,61,4338,4274
87004456,3800,55,407,368
98102226,3321,,3041,2922
93074926,3661,61,963,886
151036510,2637,33,2052,1872
1018330009,2849,33,176,156
193276725,2922,34,1422,1246
130776488,2822,33,1911,1809
313165205,2521,35,1328,1179
306915521,4170,73,1944,1779
99827433,4492,80,3681,3407
94726130,4430,80,3430,3079
179864320,4327,80,2593,2047
86750306,4491,74,4749,3914
86844472,4652,80,6852,6153
68723677,4388,63,1139,984
41272518,4703,74,5226,4856
1066177016,4604,80,970,934
161322355,3603,54,1418,1367
328882818,3203,45,198,215
281365784,3141,51,1702,1717
351960324,2964,51,2139,1936
293184172,3402,45,473,522
109352360,3116,51,3374,3469
133137405,3748,55,3225,2931
392111089,3579,62,175,125
195942354,3428,53,440,321
60760142,3304,53,4564,4462
352451331,3383,55,929,837
234643982,2376,23,100,58
168301355,2785,35,365,330
195006343,2700,25,1214,1114
133468351,2223,31,1662,1590
115162242,2653,,701,656
150661979,3327,44,681,724
285666442,2866,43,619,590
98532963,2933,44,2729,2831
279339668,2766,43,1326,1222
438879057,2933,43,1422,1342
165682503,2105,23,488,466
374825050,2483,31,3254,3111
123209181,2304,24,2737,2806
167077928,2259,25,695,725
912343071,2116,25,533,494
172589050,2377,24,1280,1242
93167774,3088,34,2319,2303
120239374,2869,42,2391,2526
322053515,2751,35,377,329
359771353,2521,43,2229,2183
118425811,2844,41,703,729
384308821,1972,15,566,504
430771592,2114,15,67,84
1247083190,2422,31,107,126
361725512,2253,25,612,505
172746474,3177,51,1746,1554
246446333,3268,51,521,509
74461934,3537,52,1016,882
118257105,3046,44,3074,3037
1125164552,2993,44,199,174
38682480,2936,43,1812,1824
111035760,3320,51,5241,5096
148395154,3170,45,573,555
333163795,2589,43,1641,1720
297442852,3481,52,547,537
120626568,3510,52,2695,2545
1103908199,3259,51,1139,1074
837233320,2971,44,772,657
149308573,2296,22,266,308
198846823,2211,22,1899,1979
61752108,2918,35,933,922
1179949600,3407,34,295,267
187341792,3857,65,2323,2284
308746846,3844,,447,495
93985514,3765,,875,900
307578204,3633,24,248,217
164939867,3802,15,937,1027
175763809,2714,42,968,1081
411056696,3202,42,1242,1233
118477662,3292,42,2337,2280
301600989,3165,42,2981,2992
344721606,3123,41,1043,1074
19240687,2977,41,1254,1234
70074492,3291,44,3378,3582
90792441,3150,51,2126,2026
1193549512,3429,61,782,744
59298531,2329,44,3442,3353
485481732,2996,41,2412,2254
941979260,3611,63,624,534
228278058,3844,62,1188,1147
114948386,3223,55,1847,1853
902910845,3610,54,460,440
868216613,3732,54,1162,1077
34697180,3497,54,2137,2103
132204331,3317,53,824,771
114713111,3065,44,1506,1476
327068303,3139,41,554,431
188556709,2648,35,991,748
113226336,2802,52,1910,1434
387586592,2859,54,260,308
296423676,1773,51,538,400
381032384,2275,31,805,627
231287043,2330,34,1836,1748
118787531,3598,53,923,843
216836078,3587,53,1388,1262
136767152,3112,53,2869,2476
57308242,3539,55,3731,3830
128652245,3337,52,4295,4213
123948548,3149,51,846,810
1257768065,3473,53,115,145
168357467,2670,35,515,390
297578484,3836,74,1268,1035
377102752,3321,,91,62
1197896356,3732,,64,53
865489118,3959,73,976,923
313158242,2853,72,1573,1242
283566746,3664,72,476,310
125256941,3242,63,2152,1980
158544149,3966,71,6612,6250
84149902,3120,55,3043,2975
67302209,2841,42,934,903
401004055,2996,44,2048,1978
1019671581,1305,12,230,300
186632641,2001,15,712,780
74821143,2872,32,1099,1153
168601086,1995,34,1945,1864
249650665,2802,41,411,393
50761873,2792,35,1746,1793
122960570,3215,34,725,724
144918027,2660,41,647,735
168911299,2561,41,3221,2936
202001596,1278,12,226,238
106695888,1133,13,1522,1672
280549928,2824,34,1474,1420
263091160,2993,35,389,389
86757641,3250,42,2395,2378
196221104,2640,43,2328,2139
917739110,2900,35,646,604
142396168,3167,45,5507,5598
104173104,2768,32,1968,1976
337191337,4030,62,2324,2131
474477368,3609,63,954,905
445552636,3185,41,494,491
177406005,2112,41,2840,2684
33551706,3736,52,2317,2273
79981637,3221,53,1670,1652
84094379,3289,52,3113,2984
123205588,2969,34,1429,1385
251056348,3535,53,2683,2497
221023715,3284,43,555,447
179515522,3617,53,2138,2209
86651955,2862,32,1106,1160
1118999939,3004,54,70,71
160054289,1717,31,1498,1359
133024592,1467,13,476,485
189251645,1440,14,598,672
340470160,2367,32,386,349
79145475,3597,,1065,972
93810355,3384,,565,590
200628356,2224,23,933,981
169169023,2828,24,1596,1494
321714094,2912,43,494,449
316573190,2511,34,1498,1427
422125694,2600,,827,814
61791224,3153,33,1691,1718
169263320,3288,43,3426,3289
353425787,3086,35,279,292
289941364,2870,42,977,749
189896751,2632,31,3059,2901
250910908,2184,33,1807,1836
332997991,2197,24,525,505
78933324,3866,62,2891,2657
103969260,3798,,867,907
84909377,3729,41,1618,1796
28226051,4040,73,2488,2384
402918692,3527,53,78,73
456353007,3297,44,1021,951
309378371,2799,32,2263,2164
102352686,2938,42,1282,1239
160727585,2685,42,1673,1461
143008084,4729,80,2439,2212
118778839,5587,80,4061,3756
415766070,5501,80,1146,886
93252151,5485,80,5907,5608
123154862,4056,71,3605,3202
133695909,4018,42,510,558
845486196,3323,51,1392,1304
155590795,2394,45,1502,1189
917833839,2586,35,155,136
469828460,2632,41,719,714
167441171,2213,35,1455,1453
184652804,3066,62,2225,2084
121929197,3508,62,684,672
318255208,3949,65,304,175
164216355,3787,64,1657,1376
87541735,4067,64,3655,3566
219470362,3037,34,730,693
387462617,3350,35,511,559
123320643,3323,35,2609,2568
192987463,2461,33,808,662
147228084,3086,44,2290,2080
396142809,2419,31,649,700
302120308,2411,35,749,790
102099734,3270,43,1370,1372
1016796848,3402,45,979,939
69122244,3316,45,3159,3064
36282440,3506,35,3952,3986
305029615,1980,31,1123,1068
208160726,2810,35,674,601
217209650,2091,43,2492,2286
83842294,3116,45,1741,1692
110878864,2718,31,2159,2158
216227314,2912,42,145,146
122886369,2924,32,1878,1997
169299347,2969,51,1362,1238
124136741,3313,44,3937,4017
282701396,3057,35,242,287
187176445,2832,35,395,383
166207598,3053,51,4141,4209
136492476,2871,35,7305,7357
315132351,2616,32,2217,2220
91431555,4196,72,5676,5411
218315351,3840,72,620,615
374416475,3080,71,3608,3468
191674951,2357,73,825,647
202694335,3621,73,2069,1785
171516698,3991,73,4140,4076
1070398813,3853,74,909,849
64498261,2625,41,2024,2166
302825634,1928,44,1433,1136
10752836,2683,33,998,1101
86983403,3103,35,2379,2406
60812312,2882,,349,337
99027227,3198,23,130,107
12949472,3371,34,903,963
202338740,2200,32,3196,3005
125286074,2801,32,1066,1096
126760887,1938,31,2056,2176
170025379,1547,35,1628,1689
173916387,2494,31,117,97
1171786046,2156,25,580,556
847627469,1809,25,202,175
375523527,1798,34,224,193
1010368651,4166,75,1105,1042
130331459,3833,74,2339,2308
353784583,4551,80,127,121
107742637,4265,80,5070,4816
103953414,4342,80,884,745
113232704,2588,34,3224,3302
55391183,2831,34,336,308
158101331,2643,34,1531,1513
103847478,2497,34,505,470
283311974,2633,34,1076,1084
188863959,3164,45,2812,2819
123810613,2474,45,715,497
246584781,3126,45,2578,2317
84321305,2963,44,2617,2612
929963393,3283,44,381,403
133398247,2645,43,1462,1420
210794855,3373,44,2395,2270
223638839,3913,72,3232,2973
169745840,3929,71,1854,1617
295901671,2851,71,1768,1602
399919749,3358,72,811,687
196401049,2894,72,2165,1870
205803631,4014,72,2892,2739
83440894,3702,45,2905,2809
69325227,3692,63,3700,3611
97024391,4381,75,4743,4320
126535299,3929,53,1744,1553
196284628,3919,55,2404,2222
349650747,2366,25,806,706
208943826,2595,51,569,430
120575017,2356,64,2065,1707
121098967,2638,51,959,780
100184472,3313,33,2962,3098
86957175,3912,55,2330,2248
141194830,3222,61,1800,1729
186546725,3283,55,875,877
146671214,3701,61,965,907
317775757,2803,62,1696,1589
107836427,3411,54,438,398
174175921,3506,54,2039,1905
1144025017,3422,55,366,337
144754984,2800,44,3926,3930
853467428,3198,62,632,569
117108032,2984,43,3606,3649
282948060,3156,43,40,65
413616748,2951,43,802,764
119250061,3100,62,3189,2886
204952751,3267,44,129,66
129930059,2696,45,1979,1981
910508595,2565,25,843,950
123895388,2698,33,298,385
125667545,2515,14,872,1038
154066099,1806,25,483,440
144776298,1596,24,1702,1728
197375828,1343,24,542,501
360968385,2100,24,708,639
350188368,2321,24,1540,1463
206255355,2933,25,1542,1449
146000495,2280,31,1618,1695
102429591,2539,25,1975,2021
79668096,1881,24,3082,3142
131642203,1893,31,615,623
1000754041,2912,42,421,405
88334122,3241,53,3700,3653
288608994,2546,25,321,241
151027148,1844,31,339,321
398219108,2804,33,84,83
154563498,2537,34,1129,1060
183046028,2715,33,1666,1702
134222761,2589,25,1311,1246
413366843,3048,32,1448,1492
26132233,1637,14,5437,5517
79507952,1793,15,1350,1357
296580410,3266,52,1197,1139
108614656,3221,51,1443,1486
396146422,3197,43,491,447
298087958,3162,45,1178,1053
1016656711,3084,51,54,55
375809075,3632,63,873,793
168774696,3602,63,2179,2113
166480842,3432,63,3518,3529
148996471,3955,63,2325,2130
139810341,3623,64,2860,2839
249110153,3279,62,1649,1279
116494084,3500,61,2746,2596
386357602,3501,52,590,546
117344622,3426,42,1671,1569
355403878,2810,41,1487,1437
239677350,3389,55,4233,4086
82120704,3310,45,3755,3483
62769929,3243,44,2057,1761
58919188,3517,65,4065,3899
411007596,3128,61,1088,969
113898174,3801,62,721,724
167484409,3378,43,2187,2104
86719839,3781,61,3575,3571
280048244,2648,32,698,691
112721074,2379,31,984,1036
943219164,2396,32,184,203
1086313571,2686,34,468,413
242280769,3230,53,1619,1596
170132180,2918,53,2720,2557
93309123,3478,53,1395,1383
133001741,1970,42,861,733
163169341,3141,43,4029,4048
186558587,2997,43,1654,1610
141045740,2793,43,1308,1155
204704197,3021,43,2567,2450
374851711,3102,41,439,337
384383816,3012,61,565,529
135916466,3128,52,3536,3351
208934550,3132,54,121,46
361334087,2220,25,1555,1639
193669669,3451,61,197,132
134931718,3933,61,946,937
367027094,3454,41,161,226
150248584,3210,41,1719,1519
123465339,2976,42,5352,5433
227494827,2939,41,3061,2882
91635746,2893,31,2348,2632
190629747,2820,43,673,632
1018145306,2812,32,329,306
358792976,2436,21,1213,1208
213931218,2915,44,2486,2406
147218180,3480,63,3769,3652
143509153,4055,63,2684,2575
156033414,3421,54,4200,3933
153870583,3387,61,321,228
135088675,3144,61,2619,2563
390854137,3393,71,1588,1483
7327611,3288,43,1766,1732
160903806,2791,42,730,660
145617799,2703,41,1978,1802
296770392,3003,34,1712,1462
202960120,2808,45,3951,3680
200929770,1565,41,957,1022
119123448,3558,54,2346,2322
83109793,3826,55,3012,3014
54761657,3811,55,72,64
146364811,3663,61,1107,942
123745142,3670,54,2782,2857
837265997,3699,63,807,758
1050158499,2538,42,77,87
166208370,2100,55,1600,1545
1026868767,3215,51,442,384
882529634,3219,44,69,66
1074721308,2982,42,1069,1042
891427092,3186,62,778,733
131992891,3491,65,1491,1410
134161761,3638,43,261,258
135480769,4640,74,3108,2869
144835463,4213,72,2660,2432
97544550,3780,63,500,489
839289711,2788,41,265,298
1095769829,2833,42,200,186
309153291,1713,42,955,892
145157726,2530,32,819,813
139614467,2630,32,917,974
239970983,2707,34,1445,1433
148189070,2455,33,1220,1211
128434030,3113,33,3396,3384
255885799,2450,32,758,755
65828389,2436,33,62,74
355189908,2778,33,929,871
172502667,2685,34,3594,3472
116113826,4382,33,3377,3290
41794757,3146,44,1669,1701
112893116,2841,43,2013,2081
123814066,2712,41,2872,3005
121321911,3130,42,2248,2112
129022946,2880,45,823,640
215108390,2630,34,826,871
113825342,2215,31,38,20
206888094,2229,35,21,5
315738761,2475,32,1419,1474
898105175,2375,32,1054,1034
180614087,2765,33,2292,2147
86739425,2370,31,2816,2961
303661726,2645,25,648,789
61223102,3032,32,1983,2122
52360311,2856,32,1567,1699
102712120,2820,35,2284,2311
117150571,2571,34,3916,3656
130071331,3707,71,1768,1662
320523850,3550,71,2591,2435
50248620,3461,65,1755,1666
113965762,3867,71,5516,5161
1035037738,3793,74,312,252
188065091,3738,64,3314,3077
999274443,3980,71,401,429
259932779,4340,80,2852,2748
102744334,3938,74,2858,2478
344758462,4448,75,2299,2083
318734970,4222,75,754,567
187293217,3109,32,3240,3144
398312966,2351,31,267,269
420758108,2316,31,808,878
73927632,2802,,2416,2388
437184967,2800,42,2138,2065
974278844,2623,33,308,312
1257952145,2259,,65,67
358818637,3441,61,561,584
107344555,3493,61,1479,1451
177287047,3872,61,2481,2519
104419849,3455,55,2748,2688
64187527,3384,54,2492,2562
196453730,3099,45,1027,980
315598359,3068,42,722,708
153770379,3237,43,933,734
861997619,2739,44,2185,2300
367880808,2881,42,2443,2441
96929102,3293,41,556,544
887415119,2813,42,164,193
245363491,2350,35,1693,1659
881465284,2916,41,1981,1863
253845351,2588,33,1727,1823
131671494,1986,32,546,469
112503702,2485,32,1168,1188
176651701,2463,35,910,809
191749443,2644,25,289,212
1225153521,2779,34,51,18
1072648365,2264,32,703,646
412897800,3709,34,1319,1322
165905698,3043,33,1275,1163
114357637,2843,31,294,368
76724254,2614,32,842,845
352699445,2533,32,415,434
50326416,3517,51,1205,1158
47939553,3990,61,2594,2430
59498371,3078,35,1603,1538
133502785,3053,43,2680,2599
244350597,3023,41,1334,1167
1165759720,3327,54,254,219
226879818,2805,42,2890,3137
102990422,3495,51,1932,1808
143155607,3642,51,3631,3380
125010117,3461,45,775,594
38529531,3532,53,4595,4342
875150309,3623,52,74,67
485457657,3614,53,618,551
168582612,3540,52,2296,2060
1033412001,3372,51,170,200
1136365026,3113,44,247,269
435309719,3270,45,1162,995
302413794,3317,51,1013,930
968970652,3268,52,144,80
145829879,3033,51,3037,2927
1228876310,3116,45,111,123
280436668,3378,51,697,580
1028113888,994,21,24,12
179413202,2181,12,1084,1217
332779602,2285,31,2420,2267
166756304,3180,14,1266,1405
99624932,3322,42,1345,1284
89447349,3964,53,3650,3436
157799487,2582,32,2638,2464
166925938,3166,32,247,232
322430766,2879,41,922,892
91507075,3178,51,2870,2850
169692631,2972,31,321,388
314350881,2877,64,2751,2622
1145487570,3372,,35,29
49640159,2949,,2347,2250
131682013,3078,23,897,902
97295448,3120,55,2485,2226
131469432,3055,44,1718,1668
404001874,2973,45,495,493
191242608,2182,45,484,408
1200253222,2187,,74,74
239218875,2188,31,289,350
95134004,1364,21,1085,1085
125022016,1884,,478,528
276177418,2783,52,1340,1182
412676121,2805,24,662,656
1246028002,2745,34,108,105
239137545,2803,35,481,468
412766533,2646,53,506,505
102426362,2234,23,1393,1473
205872468,2243,14,2853,2848
445771194,3100,41,167,189
1016906378,2400,45,284,331
908141132,1833,14,908,954
321978395,2121,15,208,299
386153891,1995,15,2189,2258
240252665,3826,61,1330,1405
201235075,3004,63,440,307
86838488,3945,64,2270,2192
1034483608,3656,63,308,331
152435473,2921,62,1727,1583
115731051,3528,63,1572,1541
1035399359,3767,62,1682,1644
353076776,2639,41,1960,1841
18669608,2931,43,938,897
207638395,3226,44,1023,964
931595831,2577,33,392,366
164034597,3077,43,430,449
230544807,2727,33,404,438
242671913,2952,42,1269,1313
1062562919,3956,,69,55
124264036,3871,53,1288,1198
177246144,3827,21,1480,1423
78079301,3388,24,155,121
46145295,2371,13,555,656
90269824,2464,33,54,88
116867515,3955,,1572,1530
102165656,2979,33,199,232
321858580,3385,44,1097,1104
281767410,3226,45,2600,2552
170328604,3132,42,977,914
930044989,3281,51,382,355
137757836,3183,44,947,934
170019167,2927,43,5213,4943
842974729,3070,43,2308,2227
207640601,3000,51,1000,902
426186221,2891,45,665,586
64022950,3389,45,4575,4570
116242109,3409,52,531,520
390575299,2063,22,1180,1130
341709402,2494,24,444,400
198582928,1061,,359,313
70162280,2305,,1147,1093
196463779,3552,45,786,735
323759359,2961,42,1372,1349
237878865,2885,42,530,480
103436530,3014,42,3785,3805
145479585,2284,35,593,586
164547705,1735,41,1040,855
310974430,2255,35,402,443
146195290,2687,35,745,723
322719353,2716,34,248,222
151454493,2753,62,2304,2156
179030075,3147,32,1669,1471
378191441,3390,52,471,542
277560158,3026,31,576,674
159580283,3624,54,1437,1330
193964330,3563,54,515,474
340597810,3565,53,204,168
86897816,3846,54,3246,3131
117910898,2449,24,1736,1934
172370948,2583,24,501,474
5010645,2199,25,1286,1236
75005714,2576,32,3125,3256
402477104,3545,25,1004,1223
393520873,2401,24,1475,1454
69767026,3511,54,1495,1377
79421442,3825,55,3699,3596
86874890,3750,61,3181,3123
114148433,3649,54,2705,2796
52745545,3242,61,4061,3810
31250566,3990,62,3997,3893
10020096,3515,54,152,156
162599558,3952,52,1941,1890
132553382,2409,24,1871,2106
408296134,2600,31,409,369
162381964,2407,24,540,587
134814838,2786,32,925,870
256594600,2111,25,3016,2938
116382292,2928,31,2839,2874
110275685,4282,72,3862,3678
154128527,3767,73,2453,2310
151362202,3492,55,3134,2845
155911536,3259,61,2312,2099
347493666,3675,54,906,878
325418803,3132,53,2118,1934
155879413,3746,61,187,142
110539477,3468,55,951,879
117344710,4024,63,2584,2416
357186709,3436,54,370,320
183442120,3457,65,936,892
124308276,3778,62,4111,4037
195484253,3795,55,1227,1174
253131415,3623,61,1740,1779
930614957,3538,61,1260,1229
851286211,3713,62,1319,1223
407647916,3831,74,2673,2571
227641434,4113,75,1464,1265
293273037,2874,35,424,375
216399386,2843,45,1134,1059
157960063,2726,21,48,62
868068022,2639,25,131,109
851145297,2738,41,69,34
172098667,2573,33,2478,2389
1185004783,2518,23,143,197
1006396953,2099,25,825,790
411900919,1988,12,683,737
135839346,2231,23,1579,1682
1117488705,2032,13,115,137
118072248,1825,14,266,357
127077620,2239,32,687,612
200018617,2010,14,723,788
278447584,3147,42,2789,2496
212037711,3373,54,1497,1426
81082722,3674,53,1952,1988
120871377,3207,54,3140,3210
217609341,3184,52,2237,2086
113067123,3609,55,1921,1808
330740528,2735,34,1213,1022
886928584,2971,42,436,382
107470370,2494,33,1105,1003
152139083,2604,63,1315,1083
99476369,3088,61,1155,1020
255989901,2959,25,611,560
928856286,3546,55,1258,1201
384993011,2177,42,722,742
403097042,3075,45,915,715
41062038,3422,55,245,234
182749019,2839,54,1972,1797
92796572,3609,54,3386,3244
334268789,3113,54,1400,1231
206649255,3389,53,354,283
1125858156,3234,45,350,357
287759712,3642,51,851,894
250792400,1214,41,1691,1500
430038346,1594,41,462,425
1258826927,3091,,18,21
1259197260,1080,,15,11
1243285143,2483,,36,41
413404615,2571,32,205,157
69960333,2688,35,427,413
58957772,3234,41,4538,4578
149948905,2659,41,785,780
1205620442,2696,34,78,74
249702500,2723,35,754,699
1009803243,2789,34,296,304
399150217,3015,41,1046,964
136776874,2740,34,1044,1042
236353109,3141,41,428,431
135372003,4099,44,5180,5129
1054655789,2845,35,803,795
104490572,3717,43,2784,2793
253232427,2961,44,266,244
889001526,2917,43,842,796
167054119,2694,41,140,139
205154292,2569,51,1783,1411
142133409,3512,43,3277,3161
182913880,3213,45,721,702
116780013,3829,45,5881,5834
369869508,3218,45,405,397
489649478,2964,45,523,503
133135463,3002,43,2858,2830
148767130,2796,42,1967,1823
206727482,3042,43,35,33
119131906,3598,42,1519,1486
354064819,1835,21,820,777
164008568,1678,21,2859,2909
33266572,1881,21,2504,2621
911546725,1852,14,309,303
210506425,3826,71,2135,2075
157854775,3706,71,3801,3688
237620070,3767,71,1930,1537
419592875,3602,61,2802,2586
201783334,3999,64,2345,2304
4187438,4305,65,3120,2788
105354726,4375,63,3557,3362
7944569,3928,64,832,862
404956798,2411,31,256,274
969312637,2434,34,463,438
231925326,2825,24,307,323
137350778,2932,33,1598,1459
117940390,2887,43,2999,3021
282596728,2634,23,171,223
147239201,2700,35,2724,2703
82680184,2543,31,1470,1576
1133167407,2590,33,259,237
222950037,1515,42,1482,1157
368212676,2794,42,765,799
181690310,2152,44,1455,1398
103951612,1625,13,481,488
896115041,2492,34,124,143
161660967,2220,14,315,370
