Match ID, Average MMR, Player 1 ID, Player 2 ID, Player 3 ID, Player 4 ID, Player 5 ID, Player 6 ID, Player 7 ID, Player 8 ID, Player 9 ID, Player 10 ID, Radiant Win, First Blood Time, Duration6268347913,1535,79366741,,,126131309,473002289,,,197629270,,1051702279,False,0,874
6268346306,3577,,,1148991024,1097955177,141328742,1258200156,,425433780,42145244,,False,46,711
6268341207,5159,,47852992,,,,230142245,201239785,,,,True,2,1201
6268339913,4046,,,411990204,,228960053,,299379381,103325680,,,True,1,1292
6268339710,2712,,1009733736,,,173112907,848714399,,,,,True,107,1015
6268338317,3856,,231668194,,,,865245576,43732816,67718337,166880201,,False,106,1128
6268336806,1737,,45084227,458736664,,124843971,,128798242,,368271774,,False,22,641
6268336507,2852,137489098,,94865271,101397649,89909007,103436004,110247823,110915312,66392160,37656682,False,13,1297
6268335711,3006,107210399,244048552,932878942,173500156,78282040,217073646,,,318579605,,False,0,1429
6268333916,3111,145071849,63634848,,132577191,,,172025975,,1180554553,842832749,False,102,1536
6268333601,4269,,86308617,169957073,152357160,,,,,,175975822,False,179,1586
6268333119,3254,,204088809,,148049993,,,69625455,130481826,99540225,134673060,True,3,1619
6268332116,3176,177810611,96820048,300833411,,353122586,118416997,145699486,150968633,403659586,196356514,False,72,1629
6268332114,3080,342489015,1038162493,202697407,,881552646,127372291,,,395168404,,True,21,1413
6268332106,2194,179161101,122837342,164917735,70391536,170875547,,,,,385960988,True,159,1449
6268332015,2409,,,968828049,,1192250701,,415985801,,,151495364,True,138,1595
6268332012,3236,1033280070,250418192,93432414,231852759,,112294813,125139263,,141703658,,True,92,1568
6268331707,2520,,,894857573,287489592,,72388776,,904025146,167127075,,True,42,769
6268331602,4090,450386568,,,229578306,28758158,113573440,,1168168042,872873456,876679749,True,147,1698
6268331514,3192,171009000,59601370,74981695,27550172,67368192,,,,,,True,28,1348
6268331502,1911,,,,182147033,,,,299321499,,,False,146,1489
6268331309,3011,117049763,,,,,342828488,59715561,297334464,,459269827,True,19,1467
6268331209,1748,168764430,87737827,57504561,902971151,184023920,,,,1033035971,148620146,True,218,1569
6268331018,3619,151238629,1082642929,,,219764517,,,272760004,1052922842,,True,130,1602
6268331010,4192,,249489252,,397405272,869242972,99037944,100610603,1173799779,178386292,,False,85,1306
6268330708,2453,,903926887,,342642587,,,,,,124016332,True,0,1419
6268330515,3121,,,890072511,150344815,,,,,181488634,146871263,False,160,1707
6268330317,452,,1216102281,396817610,,,1156907893,,229366157,,189921812,True,138,1586
6268330208,3003,,,891783383,452935838,,925728103,,1141172646,1040400202,120163588,True,0,1765
6268329612,2756,1121532907,,946513075,106559221,338905701,,122015634,259402929,,176818532,True,226,1678
6268329506,6224,,33507012,,,,982381914,,,241671892,,False,114,1801
6268329218,3029,48849212,,245516824,228048938,158979932,883839571,869312392,,140800912,129229109,False,8,1696
6268329212,3296,124210278,20766382,363324459,,139717521,52020909,1023888148,,1101179459,,False,0,1550
6268329210,4041,,,,410692756,906491114,274287528,408079584,1135959255,160868979,284294586,True,7,1462
6268329209,2582,157515974,125932849,,49848694,52945938,,,52451905,,,False,116,1682
6268329113,1041,,,,,,1221755332,311081355,,,173420066,False,9,1573
6268328617,3653,,219058667,,,,,190650937,164761559,,968942205,True,205,1553
6268328616,4512,89457778,,,200417969,,,,45007179,115175820,860703723,True,127,1304
6268328415,3417,,,265171880,,,235080979,115703748,,,95327808,True,152,1784
6268327813,3125,,,,,,,163906169,,271519136,,False,7,1821
6268327713,2697,111510603,,300358857,257521192,144741767,122395193,332963381,,231711862,,False,81,1716
6268327708,4022,,28350932,,113692814,,384702203,,132543047,160745179,246754377,False,237,1763
6268327705,4527,361126266,,880997110,,,,1017027220,,,1033159022,True,4,1800
6268327402,2659,,,238502730,,,136059958,125849707,1218009810,431010191,,False,87,1841
6268327114,2937,,113182052,,161824093,,,,,,,True,163,1686
6268327014,4314,838956,,25021817,,129336429,200594750,143328344,125794069,100714921,,False,6,1844
6268326816,3198,,,60150910,1113653109,,,,,296547604,394093692,True,113,1815
6268326815,2621,,136887549,182806146,57994635,,324672866,,,309227526,307385964,True,103,1587
6268326802,4126,147767743,56934541,,,,222900437,,430480315,147617729,189765702,False,86,1911
6268326712,3765,,40808298,66957366,,,274985480,923469026,,361258003,,True,5,1847
6268326701,2252,924300928,,490224129,174883906,,,253304095,188963004,,1033916601,True,191,1821
6268326419,3194,188967762,,,,,,163370825,,,,True,9,1902
6268326409,2947,,,101156071,,,,34888268,147558978,,196432449,False,187,1881
6268325915,1518,835600547,,,84571031,,,,,,176136292,True,107,1902
6268325810,1760,,,,,208190423,114912995,,178498386,130765200,,True,3,1916
6268325807,4060,188645525,,,,,,369023006,,272696068,103188733,True,117,1438
6268325804,3549,,207099215,,,,,,,,143667441,True,57,1884
6268325606,3865,,,208180918,,40321904,,214198406,113867132,38306879,,True,6,1883
6268325605,2819,,262442108,,164120559,141821976,,33518591,152600865,,1084524758,False,4,1747
6268325419,2827,419158758,,372794955,,206257147,88593666,95823675,307106796,176120509,,True,197,1892
6268325410,3222,174807397,337776612,199352351,906967688,,150542410,,,340632983,,True,100,1612
6268325319,2417,,,,,113543401,128716080,149378430,412791056,343987061,,True,122,1762
6268325310,3859,1016715118,,,,,,50088598,929116853,,36686197,False,69,1362
6268325214,2567,,,,26980714,312297897,218095889,179438500,849496988,319593766,,True,182,1917
6268325115,2603,266583332,,875581217,,287482402,,,,178641947,92729448,True,26,1873
6268324917,3058,193417084,238298657,126589319,114711143,1241798174,,31118945,,78947402,954820454,False,112,1911
6268324711,4806,,67326949,189798379,137570695,1119026168,,,,84143648,73162310,True,279,1651
6268324606,2535,304483283,,,,,1100382072,,911634188,99288407,1192412867,False,4,1906
6268324514,4751,,332820845,162649992,,,106018770,363890170,25103803,,,True,92,1926
6268324513,4350,,1125969485,,,,874567654,,909870796,,130343977,True,0,1232
6268350016,4695,114199815,,112475057,,134975624,45417812,260489784,70833022,181497223,,False,156,851
6268336914,4735,,,,86817571,,,,361638146,444257033,1117665862,True,0,1498
6268333918,3634,,,,,1178570288,1124788794,394023303,,99979679,467232903,True,49,1599
6268333902,1656,,,455745684,,1081882348,,,21115861,171010843,,True,9,1634
6268333313,2578,,,841314114,290850612,,,61428789,150717524,,184450342,True,70,1658
6268333118,4023,72980267,,12241655,,1023474705,383388469,,409722793,219257453,313453157,False,0,1567
6268332700,4086,,37793740,,133517350,,89333947,108093790,436177256,464703109,850773096,True,0,1648
6268332103,2663,,219875463,141075067,136669410,199999698,197502912,,128414144,176893183,,True,46,1686
6268330918,2058,31375433,,,,20572728,,362199551,,,,True,120,1770
6268330101,2810,,,,,,,,360844818,,218257249,True,8,1855
6268329408,3139,412034398,252863912,397316397,331256389,,,,,184013773,303888734,True,112,1722
6268327801,4119,62068309,853642893,147480545,417211136,239713015,128699463,,146247282,175792240,,False,157,1899
6268327703,3503,,81456860,55421522,132846309,,,205706516,165691283,158206190,104853813,True,70,1882
6268327404,521,236960047,236576762,315009322,297919217,1220783114,,,145583794,331567433,882137468,False,165,1900
6268326609,2909,,165116560,,,,,,161675337,,114537083,True,237,1940
6268339512,4993,,,,,,101105273,122282466,,,,True,1,1382
6268339003,774,,,,258083027,185574882,1042828423,,94299651,,108758357,True,0,1425
6268327509,2996,,294381493,302253132,346189613,,178737559,,,,894210649,False,125,1929
6268329308,3205,,286472710,,404154896,,325776919,,,,127553912,False,244,1925
6268352009,4276,154972397,289386588,217630157,,75808095,906627326,134084916,,,,True,77,1023
6268348002,2255,4176927,,,76959433,128856492,,,,,225602000,False,93,1400
6268347705,4446,307632590,145874778,,356048946,,,,1135383886,,163272081,True,197,1272
6268346600,3023,290580084,,148107692,1182859217,,,,,366867435,894411411,True,125,1446
6268343107,4649,1165437948,,,,133568894,227804603,131174499,,1237876272,1238067962,True,103,1376
6268342601,3156,,178108155,,204924167,63796138,443920761,,,391698290,,True,317,1609
6268342113,457,,,,,375596164,,,1022345703,240456698,1028689849,True,50,1688
6268342100,2998,,97257096,,,131331201,,912912581,,,897600762,False,0,1515
6268341604,3984,,998497338,,88344988,,199971607,197454669,,391607176,122437667,True,42,1533
6268341418,1365,,,141369552,,,,1088346285,,,282892176,False,52,1279
6268341004,3462,127078573,,,,165340308,149435387,463776091,,472122850,143572768,True,135,1626
6268340719,3248,61022554,,371167397,,470990067,,489768343,184539096,209085430,112012468,False,8,1717
6268340608,3727,470406127,293157508,116123548,,,,,,294812561,,True,257,1231
6268340316,3746,,,922284252,391178662,,,,,144374427,300973475,False,0,1444
6268339515,3640,116404046,132449905,347815997,,,185814175,72448352,280818710,46802496,174558713,False,41,1603
6268339114,1883,,412277043,,,138491317,,,,366130160,126825493,True,306,1678
6268338818,2530,,63762537,117172557,,284423544,89301799,,233208786,96301970,,True,80,1704
6268338806,2580,166816404,219925551,278339662,,446129575,188853665,195976394,,165780920,253930793,True,0,1581
6268338718,3989,1013148349,,285637490,256864679,,,87063130,160043796,125862790,155768232,True,281,1497
6268338505,3178,,,,,302494223,,88314639,,149044731,,True,108,1778
6268338406,3788,91145444,98020094,116842835,,109836628,,158764066,,,,True,116,1641
6268338405,3500,207425182,196599118,,,,,,,,124717465,True,0,1623
6268338318,2879,204971352,,190455070,243865943,320074014,,,136428335,420333803,300916854,False,163,1722
6268338208,4391,,350050581,,,191577632,215243995,47749775,,37318874,,True,67,1827
6268338117,2843,,113051305,134875022,203893255,,130277195,,,,,True,102,1714
6268338000,3072,,193874237,,,118927138,,1052971488,427708553,293424699,,False,41,1751
6268337802,3025,,,,104251018,319542006,,,,,,True,13,1627
6268337704,3732,,,,,,,171019299,354134933,312974387,114678056,False,105,1857
6268337502,2880,1200001236,194145253,,115714480,,121516410,,907669178,338365382,,True,107,1827
6268337415,4124,,,473852047,367799086,106676707,855100446,94081679,,882452390,384877006,False,39,1922
6268337202,1301,,,,299500113,,,,1088003579,212628625,,False,49,1636
6268337111,1496,,,161557021,,,,208484956,,149598843,,True,443,1758
6268336905,2237,,873762951,,113090026,282932680,,,,,,True,83,1676
6268336614,1117,,145794177,113660132,,,,,355206460,,,True,47,1629
6268336517,2831,,,,,121299638,,,94290549,110727096,996790711,True,66,1610
6268336501,3122,,,,,118408197,91562538,,,,,True,123,1615
6268336405,2287,364850284,,1063679323,,1042527541,,,,368996432,236708673,True,30,1798
6268336210,4607,,,783526,,52633392,,,,355552948,,True,0,1791
6268336209,3185,,29684507,45409103,,,,,923568131,119202067,260064313,True,0,1749
6268336012,3164,313402054,138946876,186375037,,,898006494,245913497,,1199575043,367086796,False,135,1831
6268336004,1497,422384600,10007240,,,,,449142497,188549129,217419927,,False,21,1752
6268335901,1569,32488077,,102109519,153728210,,,,,153584066,208697196,False,258,1887
6268335805,2454,,,294528822,321631564,197275685,418581574,,,,,False,105,1758
6268335500,2626,,,369862982,,,,155587997,,,122359830,True,123,1883
6268334900,3968,,181943550,,,1053680820,,1158414931,43342582,414309518,1020165951,False,144,2002
6268334815,1246,871715077,,,354887225,,,129656557,470665662,,,True,146,1745
6268334814,4435,,,,,168222600,,,365566818,120935340,116476345,True,19,1886
6268334812,3433,,,172051991,,15279489,,245716897,392030108,,193745555,True,0,1974
6268334709,3592,61014286,46071290,109163544,,,166416648,300243537,132492903,3993850,129972774,True,77,1896
6268334418,2394,293153809,319058499,,171293523,,,,72684050,,127890798,True,162,1979
6268334210,1622,,,,304742942,347114373,,,,,140062687,True,0,1985
6268334112,2714,,,,,297657927,118517478,,381351065,107598745,363228619,True,7,1852
6268334009,3509,,380522606,236778342,,111214022,316535525,,90466156,347533283,394852189,True,72,2065
6268348704,3350,,,80593601,,,,,,894068001,175961403,True,57,1404
6268344900,2227,179069730,340109831,160247984,,65674464,,,99220924,,,False,120,1597
6268343804,2821,,,,,,327550687,,905743444,,,True,107,1646
6268343113,2973,268811144,301513326,361401941,163030038,356926596,,,,,295161072,True,133,1634
6268342901,3338,1086124484,,48882665,92685066,,301368689,262752248,,,,False,121,1718
6268340718,2457,,,,,,1687757,91708481,,,926267723,True,167,1786
6268340700,3445,,256550637,842005755,401524077,144254091,100224385,149080924,119852190,68581546,,False,0,1828
6268340503,1580,,,462368351,203792217,,263184020,116158241,1123972398,493993483,,False,257,1824
6268339711,3804,,,877190988,,873120162,66690570,857565987,1085891881,,,False,99,1809
6268339605,2236,121188981,,,109949827,,162731310,105657130,,,119155877,False,216,1888
6268339303,3733,153473414,134326048,,,,,280706458,179493539,137373986,133628142,False,56,1851
6268338901,554,,,,,1135586683,362406270,,,,,True,0,1796
6268338401,3529,,84460228,328809109,36794590,103385478,114237581,921044804,,100136383,73120323,False,127,1923
6268337011,5371,166275346,,76550556,,124911296,,1076076207,,,,False,14,1945
6268336600,3173,117576976,316347715,100045425,971106924,100267083,123966345,,,143287399,,False,189,1995
6268346018,2413,,99388993,147217940,,,,230437425,894084179,186651240,,True,54,1554
6268344912,2958,,,,,,1031351881,1003546693,,,99842721,True,84,1599
6268341814,3057,,,,,153664761,,,,123643280,152329652,False,4,1788
6268339619,3318,286836182,,,,,186397608,,,336296038,,False,113,1879
6268339606,3201,313493115,341388592,1093120432,,,50538847,,107833230,66480371,113937594,True,119,1924
6268338601,1589,358434753,179470218,,209629998,,,,,893548737,78510525,False,180,1928
6268338311,2137,233221857,440939774,,,,160419629,905174731,1218442058,,,True,58,1972
6268338104,2326,,117210876,211049795,187080399,,,135329161,140166867,,369841046,False,123,1972
6268337504,2688,344085011,874313711,183177471,,,342906340,174658196,,,378829394,True,0,1961
6268337207,3452,,,,,23902274,397769036,77326162,,,115269721,False,18,1825
6268337114,2044,,129182143,,873569896,,,,,,,False,0,2050
6268336717,2844,896616045,107579811,,190554004,,114757065,,,,,False,0,1992
6268352708,2601,,439391920,174636090,51554236,390072236,242906637,,122457046,901901262,120620665,True,60,1306
6268350300,1469,,,186153174,,,,299740536,,,,False,206,1307
6268345803,4865,,97845663,,,336026505,,,,,86747360,True,110,1655
6268343318,4497,236917589,,343710224,177992398,,,91404053,,,,True,103,1635
6268343004,4424,,,,,,,177402098,362645469,1100600984,372739245,True,66,1763
6268342101,1808,319336747,,,,,,1109924068,,,155480016,False,0,1815
6268340004,2753,,469810625,,,155086423,152839725,,,,100139846,False,60,1961
6268340003,3688,,,136566541,,150867219,,,87367011,,928818504,False,0,1949
6268339604,2537,,246598661,144060623,1140789320,1000101135,221007962,,219146270,164952950,131452229,True,47,1905
6268338705,3044,29949218,1027096940,57239052,107941811,186974379,890440372,893334819,,205392461,193256538,True,108,2008
6268350718,3289,246078311,,,404717379,872905913,,256197257,298504444,,164691198,True,15,1443
6268349717,4732,,,,140692558,,,101311300,,,,False,114,1468
6268349117,5359,120303454,337120802,,,,,,383867949,168969321,110448679,True,0,1520
6268347715,3405,210268739,360034358,94370228,99023023,,842944657,,,143354670,877461821,True,174,1413
6268347214,3112,,406680775,,1018375601,,49016796,,215088918,,,True,103,1580
6268346119,3202,320145966,312799604,,,110427754,,,217613437,,,True,163,1678
6268344316,1487,,1111698601,89608152,,,1118612208,,,,,True,66,1738
6268343616,1090,,1015280305,375885113,287703076,,88510173,,,137655186,,False,20,1733
6268342301,2762,,133924020,90184790,,93955578,,,950160228,194935356,905197349,True,93,1868
6268341919,1910,,372567266,,,,,,138183839,,,True,53,1859
6268341607,4697,86692729,,207878985,,,105459644,84103173,10136248,86714400,40503898,True,95,1902
6268341515,4128,106731221,135497305,153064013,1040376019,,,,1008008703,158359470,118259745,False,0,1874
6268341414,2184,853839711,149488023,144505240,109077935,,130882093,122038370,69588790,78012267,,True,108,1892
6268340901,3087,,,84050328,836473079,,,,,,170643664,True,145,1765
6268340607,2571,,73116759,,,135096526,,323395622,,,238546419,True,139,1967
6268340512,2925,,361361319,411799230,,,,865399994,1012702138,292655635,105761787,True,351,1933
6268339300,4048,,,,369993022,87357433,42372144,,,,,False,200,1990
6268358911,3459,,124087978,,127190226,385226500,,115156620,,285292476,,False,3,982
6268348210,2445,350773222,76003159,285777252,464073841,1065233749,1147416735,,,1096903230,103528336,False,165,1616
6268347518,3646,115898827,19786529,349780938,,357345139,,,396649848,,31608694,False,93,1671
6268347517,1553,1112751910,1138267939,,75413861,853448629,117168127,127398368,,99172728,164663088,False,222,1512
6268343718,1527,,,,,,,,12543453,,89753868,False,130,1789
6268343515,3442,,255809589,95146331,98925590,88526824,385025126,117185821,,,315638998,True,1,1861
6268343408,3905,,157317370,322035151,,,,400365400,,145688585,320227053,True,151,1756
6268342711,3030,,124963479,147448600,,313017208,,,110232534,379819336,,True,191,1901
6268342701,2730,184301360,,260098547,156237689,,164104348,411821124,101959217,222107934,,False,309,1886
6268341907,2806,153826445,,,388520660,,,,147111135,,124414753,False,6,1881
6268340509,3289,125011673,,118792162,,294836332,,75766335,125885343,140458034,124888660,True,217,1951
6268350314,2352,,364986540,245632552,,398025115,398778641,72835797,197692274,289741204,,True,240,1529
6268348311,3777,308257600,,,,1239348700,251425219,,,303107694,237336506,False,124,1586
6268348308,3319,131441678,97494781,100715126,,11671376,114975851,102251533,178282904,205118814,,True,119,1635
6268343016,3621,144797799,,405285764,152652471,152291851,,,186022440,65172482,143905150,False,104,1886
6268342715,2347,,,,145735749,,,,198768918,,,True,10,1897
6268342206,4076,,,66206800,,,448537946,400044945,,,68018261,False,60,1921
6268341105,3066,121702661,,1080278358,,121648028,,,420667249,131174528,,False,17,1908
6268361412,3222,1035203919,,,215999267,,,,,150680469,360141957,True,427,1048
6268352813,3394,272888364,,320148285,,,233527469,218553471,,206676679,,True,4,1363
6268349804,2815,,246370560,,171882630,898452061,,211364429,,295811811,,False,6,1605
6268349718,3515,,12088756,,,,,,55610030,66669542,243811045,False,132,1608
6268349702,3339,,,,110419124,280703840,232058833,373569335,914097878,141557630,95921481,False,142,1595
6268349418,2483,,,,243001304,,492846204,251296228,479749387,204198073,,True,177,1651
6268346419,4629,126448432,112477328,,87121205,,,67045490,85501717,86718411,47915108,False,177,1619
6268344602,3338,83587186,146151758,,274701124,,111792839,94766778,80616884,241697964,161483908,False,160,1881
6268342713,3027,93648455,,,164375472,301159870,180608549,,836751780,195235795,256576135,True,7,1954
6268352705,3905,313598174,333729539,458349089,86100772,322784034,134389535,,225064738,385314332,318606263,True,124,1457
6268351514,2116,,,969005459,310769115,230706270,,,,,,False,153,1529
6268350706,2410,246946339,32103696,232434662,,,,,,85167788,,True,0,1586
6268350419,2617,,,,,,,,117910532,,174063444,True,191,1607
6268347613,3393,,200141061,296731102,,50739249,105138496,,,,,False,87,1765
6268346305,3542,,370365805,292673931,168814219,228961539,364057784,,,,335750764,True,0,1793
6268345608,2629,264910656,448119919,,188116238,459972643,,,56634579,470389961,135786135,False,83,1847
6268345312,3346,175202111,104323417,64031511,366555,33571014,160325075,346845495,466355611,1014832866,,True,1,1857
6268344117,2951,106846410,94442680,,,63362375,80935212,41449566,119470067,79708631,54214033,False,80,1920
6268343703,3252,,123160635,201290087,,,,98571756,,,,True,60,1947
6268342615,3038,,213343393,,161943345,147255161,,,,295620218,322944556,True,142,1925
6268354616,4003,,110320774,1018812131,104953324,,,191015626,,,,True,16,1442
6268350302,3369,,,,133120790,,,,,215454613,151713927,True,80,1656
6268349819,2829,1082779499,82356237,34123183,90342396,,55565278,138479325,,5972918,,False,160,1731
6268349010,1847,113910311,,,,,156701007,969357378,107735292,160015825,355718125,False,44,1664
6268348603,4562,408272824,,125098005,,130142706,,123594307,65656855,243684688,197583714,True,5,1750
6268345410,4018,,,,,,,35395292,55881713,19762766,,False,119,1902
6268344406,2665,78041595,30322301,148086025,,,318767620,1207289112,,96550747,172068819,False,18,1926
6268348915,4216,,,,96328004,,,,76787391,,,False,0,1785
6268347803,4100,,,160392846,46702936,58309449,147734256,,,174002327,245758860,True,228,1799
6268347503,4212,1079301302,99565377,,,71733453,,,,115674909,292697229,True,179,1837
6268346615,3716,115331931,403076394,,196726162,,,,898991586,395738073,110245609,False,199,1855
6268344805,3134,207521447,252852924,,291683900,170682132,1019399618,845654475,,113909361,169029483,False,100,1964
6268344619,3109,,,,319834270,,200851118,24730459,34398259,65238208,,False,203,1964
6268372508,1745,,,,129973535,,,,,399541465,896922748,False,0,615
6268357312,571,,,,869881957,,344719714,,,,,True,11,1370
6268353719,2620,,185199763,,201171228,,299112409,,,,903667264,False,156,1565
6268351716,2911,157500756,,,,286871430,385937733,221236833,368461267,,,False,134,1662
6268350911,2991,72692360,348117258,,135224095,,,899923067,128641070,1204536769,287829330,True,63,1731
6268350702,2708,184028400,168154652,1041744794,,32283667,,,317082187,,,False,98,1599
6268348504,2150,,,,186369382,,254801479,,,,,False,202,1802
6268348217,1616,,257619307,,,,,,,874733855,,True,164,1817
6268347301,2745,479616471,103576773,61207227,428401237,,,116965388,117974457,,,False,202,1744
6268346619,4028,,,,,258452575,,,,290971094,,True,0,1918
6268356519,2152,,,865189618,,,,,337071329,,205245981,False,3,1488
6268350713,1793,155801670,,837414235,410045716,,245630289,,489047526,,,False,187,1768
6268349817,2271,,,,322837432,,,,137820197,120795636,123037813,False,82,1792
6268348115,4358,,385147569,,,252639472,157120639,223099281,401563300,,162488123,True,187,1818
6268348011,2633,,105690302,,1011965079,,177321026,,1157718543,,113690829,True,32,1763
6268347400,2975,,,,,,338236106,,172057413,104323308,,True,94,1964
6268346604,3492,344373316,175439303,371497100,,108037157,,203637283,148102120,200390036,,True,105,1955
6268362406,3004,,,,112095982,,250358973,905622036,,198338732,367973893,True,37,1225
6268354719,3300,,,153457319,393152850,,844337788,226357615,249959060,,,True,0,1633
6268351616,2943,33988426,52598923,162559337,114138843,95748830,876399492,295929191,164319539,156033393,180289833,False,195,1723
6268351302,3608,,257914296,294150771,,,,120275809,287977594,315120909,,False,65,1755
6268349814,1865,,239305901,,,124264405,,,165738494,88026564,,True,67,1873
6268349707,2110,,,47800818,126825230,,1028405199,1171640535,21608218,171812421,,True,184,1813
6268349301,757,879761707,1111570300,909667384,,,,206307163,405156782,977986456,149917441,False,0,1847
6268348116,2889,,,94190000,,417036711,,1060319592,,400778782,,True,196,1864
6268348107,1983,,,130609916,,,,,112680673,,39903904,True,64,1921
6268358509,2072,108662422,117364587,875868923,,182835747,1001553307,228319534,409157578,,113855830,True,83,1205
6268353509,4391,1118869507,,,1209184127,403851815,,,288719842,1203159742,,True,53,1714
6268353417,2313,,,161922273,75540313,162091199,104329205,,382280196,309268711,,True,105,1706
6268352501,2608,363995444,231852427,492270635,,,,,468735788,,149962536,False,4,1776
6268352417,3144,,311784126,,322415121,26661749,247971272,77750256,399119436,84184989,198469599,False,19,1757
6268349610,2752,,196402842,122523327,,,,,109333659,218413910,357573563,True,0,1893
6268348605,2963,,82682474,88781264,,160650122,1195762773,1050273983,,865853507,340787133,True,210,1954
6268348302,4109,,211948578,1209053584,,,121007558,259596759,102850561,100880850,92426094,True,173,1939
6268348008,3219,133663022,,,351372721,,,,287245690,99986887,119684612,False,19,1986
6268362319,2501,,,,,,464992688,,,329115112,,True,0,1323
6268357019,3083,87432163,153825179,325730585,,857673253,,,,273571708,147492156,False,0,1583
6268352902,2197,230244239,147488697,,,,,,1112839049,486888700,,True,3,1758
6268351701,4491,,,,,,389326344,,159161412,194090563,407907479,True,42,1748
6268351308,3997,,,169491898,177245510,,205317154,,,,,False,0,1720
6268351305,2524,,322162704,,352801640,57249366,,,,,127840351,True,86,1842
6268350306,2199,,,67129793,,,,,446795914,,395474615,True,9,1886
6268349912,2203,,348818599,152415981,68469096,,,,333144504,,281534136,True,32,1918
6268357501,2595,,167938610,3066654,,,,,341719863,1059506252,,True,191,1581
6268355111,4203,187754880,291646176,,,,133127511,,1061809746,1061595624,,True,0,1696
6268351013,2671,90663690,,161237438,,,,,92707243,1215668959,,True,63,1895
6268350817,1366,325080418,,131007176,,,,359812275,,,,True,145,1685
6268350303,379,,,,324811225,,,,441786781,111113153,,True,251,1886
6268349813,3456,291542606,,,141958285,62499335,,,,905602595,1039525996,True,144,1952
6268348909,3440,106592046,,249089420,53533671,,,,1067436302,,,False,0,2006
6268362204,3105,,,102022,,,,133130971,,162644696,1142459871,True,34,1170
6268361910,2996,,392508980,,,223662577,,,,396261607,359242627,False,108,1346
6268357302,2904,,144857354,,1122657524,,51933271,1020439007,,188662945,1085542639,True,108,1579
6268356610,2577,,,,302063242,240597382,339813421,310682518,,345822310,270669708,True,116,1628
6268355212,3447,,39075712,,,,,89215382,,1041269257,,True,181,1742
6268355114,3052,247339512,96993344,,,,,151665378,,,1132546203,True,43,1705
6268354209,2976,,361200034,,102440291,169394661,,177066252,,1126601596,,False,218,1745
6268353516,3276,123523012,,111708198,,196078715,,373031153,,93727181,245360997,False,115,1812
6268352908,3075,,,,,292827235,233023311,377794410,,,,False,0,1848
6268352211,2908,1193233398,,467568538,,,,,349352978,,350481668,True,80,1825
6268351804,1387,,,,,,81096754,114953594,,,,True,287,1844
6268351608,2804,118412759,,132868882,,,,1193526681,97982328,164105991,,False,150,1904
6268361411,1753,,,,116335926,,1072490334,467296807,,,94039323,True,19,1470
6268355616,2467,,282281102,,,,,116540074,,,,True,47,1756
6268355300,3121,170106028,104343534,22393755,85633136,192596272,295140256,,490797561,193676402,222267438,False,69,1777
6268355018,2720,,196035733,,443643456,1015081262,,,,,65869069,True,4,1779
6268354607,3822,138275643,336274680,,218546859,152941635,217080171,139963065,134716049,121746141,,True,0,1792
6268353713,2064,,39751360,147488740,120407590,102110240,,,,,,False,9,1853
6268353503,3131,100171247,219071645,79314561,186445589,447622064,248009568,,92772104,,,False,14,1788
6268352310,2701,,,,162619308,,,401053659,388704088,,,True,126,1893
6268351115,3866,86872194,,160626926,,,,,235460749,439925247,167695618,True,0,1956
6268351106,3599,120254701,217014350,,,,,176832123,53223561,,,True,8,1968
6268350019,1029,,,283513542,,,,135035010,,,,False,12,2052
6268365605,2324,,371567551,,217834793,,,,,837070253,,False,0,1303
6268361312,2524,,,,,350176260,,,,,98334200,True,61,1485
6268360111,3294,,,442119570,,,,197219742,191662528,55471835,,True,95,1472
6268359307,891,397373051,,,,236802239,185991289,301020915,,,,True,235,1583
6268356110,2854,125715229,379529332,191127363,187452008,98732342,,120097334,,71410722,,False,0,1723
6268355915,3171,58719995,,,91538700,,74178953,283082044,1085492180,,202527218,True,88,1745
6268355815,3237,,350306166,,88877381,162882411,,,380381415,,1021851709,False,218,1719
6268353908,3204,,399350381,,401787318,180459091,,1106698213,99534306,116785309,,True,0,1890
6268353408,2903,363788712,413571736,,104887643,,,216324103,239104697,149443666,856436088,True,19,1939
6268353314,1538,,,27273344,,,,257618920,,,210667458,True,7,1920
6268352011,2209,,242331605,,,,,41441500,,103460314,68993519,False,9,1947
6268351801,3150,,,58544273,,,,,,418646870,,True,5,1941
6268362209,2582,921497138,307097055,188443658,,107930168,,215159115,884098356,,,False,139,1517
6268360003,2693,144035263,,146335372,,,210496710,332869030,106840707,,889339515,True,65,1625
6268359611,3114,371915054,,,316016581,,,146073337,,,,False,219,1613
6268358905,3827,,96664640,,117597160,92355120,,1006554118,163940430,1213087181,146350489,False,107,1634
6268357806,2494,368723986,,123147213,154265408,,,,,,295042419,True,103,1696
6268357110,2900,,169305711,969418239,1038035466,303264227,,,,116883307,130263619,False,4,1779
6268354902,3170,,,181037286,,76942826,,37989300,,,225943974,True,70,1889
6268354205,2359,,,280022790,106203937,1074022739,181704194,286572658,90335364,59590838,,True,115,1887
6268354019,3925,,43536747,121046731,123636058,123309400,197000609,,,344188411,1228303581,False,84,1682
6268353210,2788,116575358,,63182185,,,121592849,,145534779,,255644304,True,45,1948
6268353003,2130,,418323997,,336997730,363782246,,437382605,,108169606,,True,66,1965
6268352618,3609,180132171,,,124785640,,163876867,1096356171,,244109520,144518467,True,96,1971
6268379003,4096,440664494,,,,174425283,,,377339334,,,False,0,597
6268375406,3973,,,1038679502,375991147,192962973,,152366916,,95161597,301555238,True,25,865
6268368210,4865,357725504,1244793777,169513128,1219311651,,,1201954678,1193476638,1249020755,,True,0,1207
6268363010,3451,123501997,,1115239562,,387449412,,,,,,False,3,1488
6268358404,1954,1137893042,,349578288,,930708057,,,,418167022,,False,153,1612
6268354918,3563,256122997,,387412861,,1057482147,278518432,1051331178,399442515,339375418,,True,196,1927
6268353608,3052,96680151,101482716,,91456898,,205795895,118359761,279425122,262799644,138155012,True,156,1988
6268353517,1464,,,,903836564,474427437,,281556206,,,1119005895,True,136,1993
6268353119,954,,,,,,126430223,334494001,,,,True,22,2015
6268352605,4804,,,,,187225082,,,,203472686,,False,125,2014
6268380401,2637,94109957,,,326197065,302568896,284637678,80131708,50470435,144108137,,False,122,611
6268369710,3789,,,301794089,47941860,366506949,,81698259,118250784,278246704,,False,101,1212
6268365011,2000,,107931758,32689760,113505052,,135373682,25892988,,,,False,13,1466
6268360505,1189,,,1001933389,49874500,111184123,,,38556028,154285394,,False,53,1663
6268359917,1637,199749874,124072991,123286416,189166636,914565397,,196905601,216501510,,846069526,True,97,1723
6268357402,3165,170215386,162542611,151096708,106073138,109024026,104884897,113098375,99370495,1073490617,,False,222,1813
6268355712,2531,,185378492,483032818,184053014,322605491,,1179001013,200990015,85644683,914152484,False,250,1891
6268355518,3555,109305561,1123888824,,,187727895,,,,,,False,124,1927
6268354218,3487,115094800,426502497,933703721,,,115047185,186850940,134023021,69592630,337368604,True,59,1911
6268353515,3445,,68252530,117539915,52291400,,,,116149384,,131328489,True,12,1999
6268353415,2963,,,,238994581,84733794,,,250823092,1003468262,1152681114,True,171,2021
6268360200,2526,,441061991,,12954503,53854484,,,35317696,,170360245,True,162,1723
6268359913,4478,,,,95488263,354009983,77202049,,345446383,,,True,125,1698
6268359510,3110,100090726,,146607126,1134501020,,113936445,242837740,,131599448,360102610,False,60,1670
6268359401,3597,7194724,,,,,869732116,,151806263,349746508,83462726,False,90,1768
6268359003,4054,215101169,297724186,,,375205755,324593518,333424159,,179034708,69321233,True,0,1807
6268357815,2668,113647552,,,,184792694,338717490,340602455,158491272,100156594,,False,11,1798
6268356016,3339,143358924,198720623,193398658,83946887,,325961477,,173399664,349992384,134929015,False,119,1923
6268355804,4328,,,123986068,,,157912373,,,,1085926699,False,105,1897
6268354815,1459,167081886,,,,,,171343322,145901533,,,True,233,1968
6268354103,3530,113499575,94783837,,90095933,,396456082,949881102,,,107886593,True,138,2035
6268365512,2946,,,980315072,,,313367167,120423157,1092790658,156299205,1178295275,True,13,1510
6268359704,3389,,,,122700329,,879520545,175071328,355421441,134713000,348623031,False,228,1813
6268358711,2650,754048594,,338916469,227213687,,177207222,,,283651012,,True,127,1842
6268357616,3956,167576935,120767631,,172838223,,,242912184,,,200998067,True,137,1919
6268365412,4027,430011182,,,,,231254300,,,,,True,132,1470
6268363512,1814,,134030772,,86793318,,,,,397329384,168893988,True,107,1626
6268359715,2131,308060085,1228281247,348460918,,358675406,136431470,382173261,56777245,184583629,158068466,False,11,1823
6268358712,2575,209330064,318491803,857333541,136105851,,174122551,151873288,91615583,355263021,881486785,False,101,1859
6268358206,4098,,132913070,1062500879,98021837,255365789,82164315,,,66992963,,False,73,1942
6268357311,3072,119947890,,,425084012,39028991,100366910,207968579,235606895,,124723625,True,107,1974
6268356210,3862,,,438536980,,,,,150129040,,104899847,True,13,2012
6268371511,3395,,86854689,222431639,141450007,,93369949,65469545,75761171,441613767,469514155,True,113,1286
6268358405,1137,,195570487,209556341,,256035680,490685724,,254328252,298114472,,False,107,1907
6268358002,3658,123194053,118450497,,,926782909,78310281,51676494,89318481,186828535,65914246,True,18,1960
6268357413,2261,120765068,,,,,124181806,137454669,,,,False,0,1979
6268356206,4317,,,82366281,,,,,96073976,913556011,,False,58,2063
6268356114,3228,166030530,136951176,,319507821,372372161,340413106,,,,,False,74,2042
6268368119,2500,179763682,,199667497,185314436,,191051292,,302151980,211076469,36284884,False,142,1278
6268365013,1944,916779472,1113528972,,132904902,102453972,,,,312259425,149472252,True,191,1665
6268363414,3233,180480215,,,376189338,,174570690,428312002,381456172,,364276578,False,150,1740
6268362008,4577,,114046960,150801964,203770109,,430709972,,,,,False,170,1791
6268361814,1431,,,361268713,112792785,,392387078,,191524707,1150818267,205934012,False,147,1801
6268360901,3616,295147429,,1079633077,,89241431,,,195670961,152197832,,False,0,1857
6268360604,3116,900156760,350106431,906327570,491017284,,62101838,,,,209773802,True,2,1847
6268360115,990,,,377011314,243071411,,,,,872063613,,True,134,1839
6268359503,3485,65307733,91358927,69323122,117473278,,,87004456,,98102226,93074926,True,17,1837
6268358104,2792,,151036510,,1018330009,,193276725,,130776488,313165205,,False,100,1919
6268368808,4791,306915521,99827433,,94726130,179864320,86750306,86844472,68723677,41272518,1066177016,True,9,1485
6268368503,2756,161322355,,328882818,281365784,351960324,,,293184172,,109352360,True,93,1495
6268366819,3379,,,133137405,392111089,195942354,,,60760142,,352451331,True,5,1580
6268365018,3755,,234643982,168301355,195006343,,133468351,115162242,,,150661979,True,48,1650
6268365009,2761,285666442,,,,,98532963,,,279339668,438879057,False,89,1679
6268364613,2232,165682503,374825050,,,123209181,167077928,912343071,172589050,,,True,0,1687
6268360405,2400,,,93167774,,120239374,,322053515,359771353,,118425811,False,9,1913
6268359711,2210,,,384308821,,,,430771592,1247083190,361725512,,True,150,1956
6268359216,3301,,,172746474,246446333,74461934,118257105,,1125164552,38682480,,True,162,1977
6268358413,3133,111035760,,,148395154,,333163795,297442852,120626568,,1103908199,True,139,2037
6268358213,1964,837233320,,,149308573,198846823,,,61752108,,1179949600,True,14,2016
6268358211,3927,187341792,308746846,93985514,307578204,164939867,,,,,,False,82,2038
6268358111,3125,,175763809,411056696,,,118477662,,301600989,344721606,19240687,True,170,1790
6268375010,3763,,,70074492,,90792441,,,1193549512,,,False,134,1203
6268371718,2089,,,,,,,59298531,485481732,,,True,238,1368
6268370109,2971,,,941979260,228278058,114948386,902910845,868216613,,34697180,132204331,True,119,1478
6268369410,2464,,114713111,327068303,188556709,113226336,387586592,296423676,381032384,231287043,118787531,True,1,1469
6268366114,3475,,216836078,136767152,57308242,,,,,128652245,123948548,True,9,1716
6268365612,5149,1257768065,,168357467,,297578484,,,377102752,1197896356,,True,114,1706
6268364512,3538,,865489118,,313158242,283566746,,125256941,,,158544149,True,61,1638
6268364407,2889,84149902,67302209,401004055,,,,,,,,True,116,1684
6268361011,2104,,1019671581,,,,,,,186632641,,False,248,1802
6268360917,2190,74821143,168601086,,249650665,,,50761873,,,,True,140,1932
6268360419,3111,,,,122960570,,,,144918027,168911299,,False,20,1990
6268358601,1101,,,202001596,,106695888,,,,,,True,29,2094
6268367802,2809,,,280549928,263091160,86757641,,196221104,917739110,142396168,,True,126,1634
6268366000,2682,104173104,,337191337,,,,474477368,445552636,177406005,,False,171,1735
6268364709,3636,,,33551706,79981637,,84094379,123205588,,251056348,221023715,False,50,1700
6268364707,4032,,,179515522,86651955,1118999939,,,,,,True,9,1789
6268360703,1410,160054289,133024592,,189251645,,340470160,,,,,True,91,1982
6268359903,4030,,79145475,,,93810355,200628356,169169023,321714094,316573190,422125694,False,86,2038
6268368012,3390,,,61791224,169263320,,,353425787,,,,False,17,1655
6268365701,2232,289941364,,,189896751,,250910908,,332997991,,,False,93,1698
6268365312,5246,78933324,103969260,84909377,28226051,402918692,456353007,309378371,,,,False,39,1815
6268363007,2525,,,,,102352686,,,160727585,,,True,171,1925
6268361405,4540,,,,143008084,,118778839,415766070,,93252151,,True,190,2011
6268361118,4316,123154862,,133695909,,,845486196,,,,155590795,True,1,2027
6268360702,1843,,917833839,,,,,469828460,,,167441171,True,222,2023
6268360201,3298,,,184652804,,121929197,318255208,164216355,,87541735,,False,0,1945
6268360019,3162,219470362,387462617,123320643,,,192987463,147228084,396142809,,302120308,False,6,2044
6268382411,3620,,102099734,,,,1016796848,,,69122244,36282440,True,10,961
6268381119,1474,,,305029615,,,,,208160726,,217209650,False,7,956
6268376409,3137,83842294,110878864,216227314,122886369,169299347,,,,,124136741,False,6,1278
6268372015,2946,282701396,187176445,166207598,136492476,,315132351,,,,,True,111,1484
6268367210,3107,91431555,218315351,374416475,,191674951,,202694335,171516698,,1070398813,True,271,1717
6268366710,2035,64498261,302825634,10752836,86983403,,60812312,,99027227,12949472,,True,367,1774
6268366502,2416,,,,202338740,,,,125286074,,,True,105,1757
6268364807,1310,126760887,170025379,,173916387,,1171786046,,847627469,375523527,,False,9,1834
6268362500,4006,,,1010368651,,130331459,,353784583,,107742637,103953414,False,117,1991
6268362206,2612,,,113232704,55391183,158101331,103847478,283311974,,,,False,6,1974
6268362018,2330,188863959,123810613,,246584781,84321305,,929963393,133398247,,210794855,True,7,1932
6268377111,2295,223638839,169745840,295901671,,,399919749,,196401049,,,True,58,1308
6268372505,4320,,205803631,83440894,,,69325227,97024391,,126535299,196284628,False,145,1487
6268367501,3063,349650747,208943826,120575017,121098967,,,100184472,86957175,,,False,4,1735
6268367311,3109,141194830,186546725,,146671214,317775757,107836427,,174175921,1144025017,,False,173,1738
6268366814,2649,144754984,853467428,,117108032,282948060,413616748,119250061,204952751,,129930059,False,131,1806
6268365517,2446,,,910508595,,,123895388,125667545,,,,True,209,1852
6268365419,1127,154066099,144776298,197375828,360968385,,,,350188368,,,True,146,1893
6268363906,1472,,,,,206255355,146000495,102429591,79668096,131642203,,True,68,1913
6268363803,3439,,,1000754041,,,88334122,,,288608994,,False,93,1984
6268363509,2086,151027148,398219108,154563498,,,,183046028,134222761,413366843,,False,227,1971
6268361506,1732,,,,,,,26132233,,,79507952,True,67,2066
6268373811,3074,,296580410,108614656,396146422,,,,298087958,,1016656711,False,122,1468
6268370805,3248,,375809075,,168774696,166480842,148996471,139810341,249110153,,116494084,True,1,1625
6268369806,3766,,,,,,386357602,117344622,355403878,,,True,112,1624
6268369116,3584,,239677350,82120704,62769929,58919188,411007596,,113898174,167484409,86719839,False,5,1730
6268365905,2525,,,,,,280048244,112721074,943219164,,1086313571,False,126,1874
6268364904,2593,242280769,170132180,,,,,,,,,False,136,1969
6268371416,2372,93309123,,133001741,,163169341,186558587,141045740,204704197,,,True,0,1597
6268370116,3005,374851711,,384383816,135916466,,208934550,361334087,,193669669,134931718,False,6,1723
6268369418,3636,367027094,,150248584,,,,123465339,,227494827,,True,239,1741
6268367010,2891,,,,,91635746,190629747,1018145306,,358792976,213931218,True,169,1876
6268364015,3530,,147218180,143509153,156033414,,,,153870583,135088675,390854137,False,0,1946
6268372415,2505,7327611,160903806,145617799,,296770392,202960120,,200929770,,,True,177,1607
6268367605,3852,119123448,,83109793,54761657,146364811,,,123745142,837265997,,True,45,1771
6268383306,1274,1050158499,166208370,,1026868767,882529634,1074721308,891427092,,,,False,0,1062
6268373816,3636,131992891,,134161761,135480769,144835463,,,,,97544550,True,0,1582
6268371003,1371,839289711,,,1095769829,,,,,,309153291,False,160,1730
6268370115,2945,,145157726,139614467,239970983,148189070,,128434030,255885799,65828389,355189908,True,115,1767
6268370002,3833,172502667,,,,,,,116113826,,,True,89,1739
6268368803,3044,41794757,,112893116,,123814066,121321911,,129022946,,,False,4,1864
6268368800,2431,,215108390,113825342,206888094,315738761,,,898105175,180614087,,True,100,1644
6268368519,2882,86739425,,,,,,303661726,,61223102,52360311,True,142,1864
6268367812,2302,,,,,102712120,,,117150571,,,True,127,1871
6268376311,3589,130071331,320523850,,50248620,,113965762,1035037738,188065091,,999274443,True,66,1472
6268374108,4376,259932779,,,,102744334,344758462,,,318734970,,False,20,1616
6268374017,3183,,,,,187293217,,,398312966,,420758108,True,109,1606
6268372107,2759,,,73927632,437184967,,974278844,1257952145,,,,True,101,1725
6268371300,3625,,358818637,107344555,,,177287047,,,104419849,64187527,True,184,1765
6268369814,3125,196453730,315598359,,153770379,861997619,,,,,,True,78,1833
6268369307,2907,,367880808,,,96929102,,887415119,,245363491,881465284,True,196,1884
6268369215,1491,253845351,,,,131671494,112503702,176651701,,191749443,1225153521,False,122,1829
6268368208,3996,,1072648365,412897800,,165905698,114357637,,76724254,352699445,,True,164,1920
6268367516,3341,50326416,47939553,,59498371,133502785,244350597,1165759720,,226879818,,False,59,1961
6268367113,3773,102990422,143155607,,125010117,38529531,875150309,485457657,168582612,1033412001,1136365026,False,6,1988
6268371311,2942,,435309719,302413794,968970652,145829879,1228876310,,,280436668,,True,2,1787
6268370302,2889,,,1028113888,,,179413202,332779602,166756304,,,True,78,1787
6268369813,4493,99624932,,89447349,,157799487,,166925938,322430766,91507075,169692631,True,6,1850
6268369112,2932,314350881,1145487570,,,49640159,,131682013,97295448,,131469432,False,12,1859
6268368518,1693,,404001874,,,,,,,191242608,,True,129,1911
6268368213,1261,,,,1200253222,,,239218875,95134004,125022016,,True,170,1915
6268367207,3369,276177418,412676121,,1246028002,,239137545,,,,,False,114,1764
6268367009,1744,412766533,,102426362,,205872468,,445771194,,1016906378,,False,315,2007
6268377217,2191,,908141132,,,,,321978395,386153891,,,False,28,1453
6268374318,3109,,240252665,201235075,86838488,1034483608,152435473,115731051,,1035399359,,True,0,1707
6268374207,2961,353076776,,18669608,,,207638395,931595831,164034597,230544807,242671913,False,12,1672
6268373615,4231,1062562919,124264036,177246144,78079301,,,46145295,90269824,116867515,102165656,True,0,1684
6268372516,3152,321858580,281767410,,170328604,,930044989,,137757836,170019167,842974729,False,101,1777
6268371712,3485,207640601,,426186221,,,,64022950,,116242109,,True,3,1839
6268370403,720,390575299,341709402,198582928,,,70162280,,,,,True,12,1858
6268370318,3327,196463779,,323759359,,237878865,103436530,,,,,True,59,1876
6268369607,423,,,,,,,145479585,164547705,,,True,184,1912
6268369005,3035,,,310974430,146195290,322719353,151454493,,179030075,378191441,277560158,True,172,1988
6268368912,4808,,159580283,,193964330,340597810,86897816,,,,,True,181,1892
6268368606,2509,117910898,,,172370948,,5010645,75005714,402477104,,393520873,False,41,1926
6268376913,3816,69767026,,79421442,86874890,114148433,52745545,31250566,,10020096,162599558,False,94,1587
6268373502,2520,132553382,,408296134,162381964,,134814838,256594600,116382292,,,False,20,1758
6268372707,4534,,,,,,110275685,,,,154128527,False,0,1814
6268371709,3007,,151362202,155911536,347493666,,325418803,,,155879413,,True,102,1857
6268371611,3732,110539477,117344710,357186709,183442120,124308276,195484253,,253131415,930614957,851286211,True,109,1814
6268371604,3920,,50088598,,407647916,,,,,227641434,,False,21,1788
6268370908,2846,,293273037,216399386,157960063,,868068022,851145297,,172098667,1185004783,True,5,1886
6268370003,1968,,1006396953,,411900919,135839346,1117488705,118072248,,127077620,200018617,True,67,1922
6268369809,3132,278447584,,,,,,174807397,337776612,199352351,,False,174,1920
6268368604,3496,212037711,81082722,120871377,217609341,,,,113067123,,,True,177,1992
6268385715,1914,330740528,886928584,107470370,152139083,99476369,,,255989901,,928856286,False,98,1156
6268379109,1725,384993011,,,403097042,,,,,,,True,75,1517
6268372119,2909,,,,,,41062038,182749019,92796572,334268789,,False,114,1872
6268371301,4102,,206649255,,,,,1125858156,,,287759712,True,0,1916
6268371104,633,,250792400,430038346,,1258826927,1259197260,1243285143,413404615,,,False,124,1948
6268369915,3380,69960333,58957772,,149948905,1205620442,,249702500,1009803243,399150217,,True,132,1915
6268377110,4461,136776874,236353109,135372003,,,1054655789,,,104490572,,True,0,1621
6268376109,2999,,253232427,889001526,167054119,205154292,,142133409,,,,True,0,1731
6268372810,3659,182913880,,,,116780013,369869508,,489649478,,,True,46,1858
6268371916,3288,,133135463,,,148767130,206727482,,,,119131906,True,87,1939
6268371905,1663,,,,354064819,164008568,33266572,911546725,,,,True,88,1927
6268370619,4286,210506425,,157854775,237620070,419592875,,201783334,4187438,105354726,7944569,False,11,1991
6268370305,2534,404956798,969312637,,231925326,137350778,117940390,282596728,147239201,82680184,1133167407,True,114,2006
6268370218,1098,222950037,,,,,207099215,,,368212676,,False,110,1962
6268369811,1086,181690310,103951612,896115041,,,,161660967,,,,False,193,2023
